tenure,age,marital,address,income,employ,retire,gender,region_2,region_3,ed_2,ed_3,ed_4,ed_5,reside_2,reside_3,reside_4,reside_5,reside_6,reside_7,reside_8,custcat
13,44,1,9,64.0,5,0.0,0,1,0,0,0,1,0,1,0,0,0,0,0,0,1
11,33,1,7,136.0,5,0.0,0,0,1,0,0,0,1,0,0,0,0,1,0,0,4
68,52,1,24,116.0,29,0.0,1,0,1,0,0,0,0,1,0,0,0,0,0,0,3
33,33,0,12,33.0,0,0.0,1,1,0,1,0,0,0,0,0,0,0,0,0,0,1
23,30,1,9,30.0,2,0.0,0,1,0,0,0,0,0,0,0,1,0,0,0,0,3
41,39,0,17,78.0,16,0.0,1,1,0,1,0,0,0,0,0,0,0,0,0,0,3
45,22,1,2,19.0,4,0.0,1,0,1,1,0,0,0,0,0,0,1,0,0,0,2
38,35,0,5,76.0,10,0.0,0,1,0,1,0,0,0,0,1,0,0,0,0,0,4
45,59,1,7,166.0,31,0.0,0,0,1,0,0,1,0,0,0,0,1,0,0,0,3
68,41,1,21,72.0,22,0.0,0,0,0,0,0,0,0,0,1,0,0,0,0,0,2
5,33,0,10,125.0,5,0.0,1,1,0,0,0,1,0,0,0,0,0,0,0,0,1
7,35,0,14,80.0,15,0.0,1,0,1,1,0,0,0,0,0,0,0,0,0,0,3
41,38,1,8,37.0,9,0.0,1,0,0,1,0,0,0,0,1,0,0,0,0,0,1
57,54,1,30,115.0,23,0.0,1,1,0,0,0,1,0,0,1,0,0,0,0,0,4
9,46,0,3,25.0,8,0.0,1,1,0,0,0,0,0,1,0,0,0,0,0,0,1
29,38,1,12,75.0,1,0.0,0,0,0,0,0,0,1,0,0,1,0,0,0,0,2
60,57,0,38,162.0,30,0.0,0,0,1,1,0,0,0,0,0,0,0,0,0,0,3
34,48,0,3,49.0,6,0.0,1,0,1,1,0,0,0,0,1,0,0,0,0,0,3
1,24,0,3,20.0,3,0.0,0,1,0,0,0,0,0,0,0,0,0,0,0,0,1
26,29,1,3,77.0,2,0.0,0,0,0,0,0,1,0,0,0,1,0,0,0,0,4
6,30,0,7,16.0,1,0.0,1,0,1,0,1,0,0,0,0,0,0,0,0,0,2
68,52,1,17,120.0,24,0.0,0,0,0,0,0,0,0,1,0,0,0,0,0,0,1
53,33,0,10,101.0,4,0.0,1,0,1,0,0,0,1,1,0,0,0,0,0,0,4
55,48,1,19,67.0,25,0.0,0,0,1,0,0,0,0,0,1,0,0,0,0,0,1
14,43,1,18,36.0,5,0.0,0,0,1,0,0,0,0,0,0,0,1,0,0,0,3
1,21,0,0,33.0,0,0.0,1,1,0,1,0,0,0,0,1,0,0,0,0,0,3
42,40,0,7,37.0,8,0.0,1,1,0,1,0,0,0,0,0,0,0,0,0,0,4
25,33,1,11,31.0,5,0.0,0,0,1,0,0,0,0,0,0,1,0,0,0,0,3
9,21,1,1,17.0,2,0.0,1,0,0,1,0,0,0,0,1,0,0,0,0,0,1
13,33,1,9,19.0,0,0.0,1,1,0,0,0,1,0,1,0,0,0,0,0,0,2
56,37,1,6,36.0,13,0.0,1,0,0,0,0,0,0,1,0,0,0,0,0,0,2
71,53,1,27,155.0,12,0.0,0,0,0,0,0,0,1,1,0,0,0,0,0,0,4
35,50,1,26,140.0,21,0.0,1,0,0,1,0,0,0,0,0,1,0,0,0,0,3
11,27,1,8,55.0,0,0.0,0,0,0,0,0,0,1,0,1,0,0,0,0,0,2
60,46,1,13,163.0,24,0.0,0,1,0,0,1,0,0,1,0,0,0,0,0,0,4
20,35,1,11,52.0,0,0.0,0,0,1,0,0,1,0,1,0,0,0,0,0,0,2
54,60,0,38,211.0,25,0.0,0,1,0,0,0,1,0,0,0,0,0,0,0,0,4
44,57,1,1,186.0,17,0.0,0,0,0,1,0,0,0,1,0,0,0,0,0,0,3
11,41,1,0,39.0,1,0.0,1,0,0,0,0,0,0,1,0,0,0,0,0,0,3
72,57,0,34,22.0,35,1.0,1,1,0,1,0,0,0,0,0,0,0,0,0,0,3
10,41,0,7,30.0,7,0.0,0,0,1,0,0,0,0,0,0,0,0,0,0,0,3
15,28,0,0,29.0,4,0.0,1,1,0,1,0,0,0,0,0,0,0,0,0,0,3
27,28,1,4,23.0,8,0.0,0,1,0,1,0,0,0,0,0,0,1,0,0,0,1
9,36,1,14,62.0,10,0.0,0,0,0,0,0,1,0,0,0,0,0,1,0,0,4
64,43,1,20,76.0,20,0.0,1,0,0,0,0,1,0,0,0,1,0,0,0,0,3
65,41,1,3,74.0,16,0.0,0,0,0,0,0,1,0,1,0,0,0,0,0,0,2
49,51,1,27,63.0,19,0.0,0,0,0,0,0,1,0,0,0,0,1,0,0,0,2
47,41,1,0,36.0,8,0.0,0,0,1,0,0,1,0,1,0,0,0,0,0,0,4
9,34,1,9,33.0,8,0.0,1,0,1,1,0,0,0,0,0,1,0,0,0,0,1
5,36,0,14,29.0,9,0.0,1,0,0,1,0,0,0,0,0,0,0,0,0,0,3
30,34,1,4,27.0,1,0.0,0,1,0,1,0,0,0,0,0,0,1,0,0,0,1
56,52,1,28,49.0,12,0.0,0,0,0,1,0,0,0,0,0,1,0,0,0,0,2
10,22,0,0,24.0,0,0.0,0,0,1,0,0,1,0,0,0,0,0,0,0,0,4
7,26,1,3,26.0,2,0.0,0,0,0,1,0,0,0,0,0,0,1,0,0,0,1
52,27,0,6,47.0,5,0.0,0,0,0,0,1,0,0,1,0,0,0,0,0,0,1
36,45,1,1,94.0,18,0.0,1,1,0,1,0,0,0,0,0,0,1,0,0,0,1
27,34,0,8,21.0,4,0.0,1,0,1,0,1,0,0,0,0,0,0,0,0,0,2
58,62,1,36,27.0,0,0.0,0,0,0,0,0,0,0,1,0,0,0,0,0,0,1
41,52,0,27,30.0,2,0.0,1,1,0,1,0,0,0,0,0,0,0,0,0,0,3
47,40,1,16,127.0,12,0.0,1,1,0,0,0,1,0,0,0,1,0,0,0,0,2
55,39,1,15,137.0,20,0.0,1,1,0,1,0,0,0,1,0,0,0,0,0,0,3
56,50,1,1,80.0,24,0.0,1,1,0,1,0,0,0,0,0,1,0,0,0,0,4
35,55,0,24,30.0,2,0.0,0,0,1,1,0,0,0,0,0,0,0,0,0,0,1
69,51,1,11,438.0,23,0.0,1,1,0,0,0,1,0,1,0,0,0,0,0,0,4
44,39,0,16,79.0,16,0.0,0,1,0,1,0,0,0,0,0,0,0,0,0,0,4
36,47,1,16,63.0,23,0.0,0,0,1,0,0,0,0,1,0,0,0,0,0,0,1
28,51,1,22,40.0,10,0.0,1,0,1,0,1,0,0,0,0,0,0,1,0,0,3
72,67,1,44,51.0,34,1.0,0,0,0,0,0,0,0,1,0,0,0,0,0,0,3
16,27,0,5,37.0,5,0.0,0,0,0,0,1,0,0,0,0,1,0,0,0,0,1
3,43,0,19,61.0,11,0.0,1,0,1,0,0,1,0,0,0,0,0,0,0,0,1
40,57,1,15,22.0,9,0.0,0,0,0,1,0,0,0,1,0,0,0,0,0,0,1
16,39,0,6,44.0,3,0.0,1,0,1,0,0,1,0,0,0,0,0,0,0,0,2
20,42,0,4,17.0,5,0.0,0,0,0,0,1,0,0,0,0,0,0,0,0,0,1
48,43,0,13,110.0,15,0.0,1,1,0,0,0,0,1,0,1,0,0,0,0,0,2
64,48,1,13,91.0,24,0.0,0,1,0,1,0,0,0,1,0,0,0,0,0,0,3
8,46,0,3,46.0,8,0.0,0,0,0,1,0,0,0,0,0,0,0,0,0,0,1
40,38,1,10,85.0,12,0.0,0,0,0,0,1,0,0,1,0,0,0,0,0,0,3
38,71,0,27,10.0,12,1.0,0,1,0,1,0,0,0,0,0,0,0,0,0,0,1
67,68,0,28,244.0,47,0.0,1,0,0,0,0,0,0,0,0,0,0,0,0,0,3
26,42,0,0,80.0,15,0.0,1,0,0,0,0,1,0,0,0,0,0,0,0,0,4
41,34,1,15,83.0,1,0.0,1,0,1,0,0,0,1,1,0,0,0,0,0,0,4
2,31,0,2,21.0,6,0.0,0,1,0,0,0,0,0,0,0,0,0,0,0,0,1
20,48,1,29,24.0,3,0.0,0,0,1,1,0,0,0,1,0,0,0,0,0,0,4
31,53,0,2,351.0,31,0.0,1,1,0,0,1,0,0,0,0,0,0,0,0,0,3
45,52,1,4,169.0,29,0.0,1,1,0,0,0,1,0,0,0,1,0,0,0,0,2
33,27,1,7,46.0,7,0.0,0,1,0,1,0,0,0,0,0,1,0,0,0,0,1
10,26,0,6,34.0,3,0.0,0,0,0,0,1,0,0,0,0,0,0,0,0,0,2
62,54,1,2,50.0,3,0.0,0,1,0,0,0,1,0,1,0,0,0,0,0,0,4
4,35,0,16,161.0,6,0.0,1,1,0,0,0,0,1,0,0,0,0,0,0,0,4
42,47,1,17,212.0,17,0.0,0,0,0,0,0,1,0,1,0,0,0,0,0,0,3
27,51,1,3,80.0,11,0.0,0,0,1,0,0,0,1,0,1,0,0,0,0,0,2
38,42,0,1,30.0,7,0.0,1,1,0,0,0,1,0,0,0,0,0,0,0,0,1
52,61,1,3,53.0,1,0.0,1,0,1,0,0,0,1,1,0,0,0,0,0,0,2
35,33,0,9,73.0,4,0.0,1,0,1,0,0,0,1,0,0,0,0,0,0,0,4
3,20,1,1,17.0,0,0.0,1,0,1,1,0,0,0,0,0,1,0,0,0,0,1
17,33,0,9,23.0,3,0.0,0,1,0,0,0,0,1,0,0,0,0,0,0,0,4
55,53,1,21,34.0,8,0.0,0,0,0,0,0,0,0,1,0,0,0,0,0,0,3
43,36,1,5,107.0,19,0.0,1,0,1,0,0,0,0,0,1,0,0,0,0,0,2
47,25,1,5,21.0,1,0.0,1,1,0,0,0,0,0,1,0,0,0,0,0,0,3
65,58,0,30,83.0,16,0.0,1,0,1,1,0,0,0,0,0,0,0,0,0,0,2
13,20,0,1,17.0,0,0.0,0,0,0,0,1,0,0,0,0,0,1,0,0,0,4
64,25,1,4,76.0,2,0.0,1,0,1,0,1,0,0,0,0,0,0,1,0,0,3
12,24,0,2,19.0,0,0.0,0,1,0,0,0,0,0,0,0,0,0,0,0,0,3
29,32,1,0,49.0,3,0.0,1,0,0,0,0,1,0,0,1,0,0,0,0,0,2
23,47,0,21,173.0,22,0.0,1,1,0,0,1,0,0,0,0,0,0,0,0,0,2
14,35,0,4,47.0,10,0.0,1,1,0,0,1,0,0,0,0,0,0,0,0,0,2
35,61,0,23,41.0,11,0.0,0,0,0,1,0,0,0,0,0,0,0,0,0,0,1
26,39,0,8,105.0,13,0.0,1,0,1,0,1,0,0,0,0,0,0,0,0,0,4
13,54,0,2,31.0,2,0.0,0,0,0,0,0,1,0,0,0,0,0,0,0,0,1
69,40,1,13,41.0,17,0.0,0,1,0,1,0,0,0,0,1,0,0,0,0,0,2
61,50,1,30,102.0,9,0.0,1,0,1,0,0,1,0,0,1,0,0,0,0,0,2
45,22,1,2,36.0,0,0.0,1,1,0,0,0,1,0,0,0,0,1,0,0,0,2
3,37,0,13,24.0,3,0.0,1,1,0,0,0,0,0,0,0,0,0,0,0,0,1
53,22,0,1,25.0,0,0.0,0,1,0,0,0,1,0,1,0,0,0,0,0,0,2
59,42,0,1,68.0,21,0.0,1,0,0,1,0,0,0,0,0,0,0,0,0,0,3
13,34,0,11,20.0,0,0.0,1,0,0,0,1,0,0,0,0,0,0,0,0,0,1
31,31,0,4,48.0,15,0.0,0,0,1,0,0,0,0,0,0,0,0,0,0,0,3
40,29,1,6,40.0,8,0.0,1,0,0,1,0,0,0,0,0,0,1,0,0,0,3
48,55,0,15,79.0,25,0.0,0,0,0,0,0,0,0,0,0,0,0,0,0,0,3
3,31,0,1,28.0,0,0.0,0,0,1,0,0,0,0,0,0,0,0,0,0,0,1
51,48,0,12,64.0,22,0.0,1,1,0,1,0,0,0,0,0,0,0,0,0,0,1
33,41,0,15,37.0,11,0.0,0,0,1,1,0,0,0,0,0,0,0,0,0,0,1
14,47,1,7,48.0,13,0.0,0,0,1,0,0,0,0,1,0,0,0,0,0,0,1
17,42,1,6,131.0,6,0.0,0,0,0,0,0,0,1,0,1,0,0,0,0,0,2
19,29,1,9,18.0,2,0.0,0,0,1,1,0,0,0,0,1,0,0,0,0,0,1
58,36,0,10,38.0,14,0.0,1,1,0,1,0,0,0,0,0,0,0,0,0,0,2
22,23,0,3,37.0,4,0.0,1,0,1,1,0,0,0,0,1,0,0,0,0,0,4
29,31,1,1,60.0,6,0.0,0,1,0,0,0,1,0,0,0,0,1,0,0,0,2
14,22,1,2,13.0,0,0.0,1,0,1,0,1,0,0,0,0,1,0,0,0,0,2
70,64,1,18,98.0,31,0.0,1,1,0,0,0,0,0,1,0,0,0,0,0,0,4
62,52,1,2,195.0,23,0.0,0,0,0,0,0,0,0,1,0,0,0,0,0,0,3
7,35,1,0,47.0,14,0.0,0,1,0,0,0,0,0,0,0,0,1,0,0,0,1
56,47,1,19,65.0,22,0.0,0,0,0,1,0,0,0,0,1,0,0,0,0,0,4
50,50,1,22,150.0,5,0.0,1,0,0,0,0,0,1,0,0,1,0,0,0,0,2
57,39,0,6,106.0,8,0.0,0,1,0,0,0,0,1,0,0,0,0,0,0,0,3
2,40,0,19,51.0,14,0.0,1,0,1,0,0,1,0,0,0,0,0,0,0,0,1
40,38,0,17,96.0,0,0.0,1,1,0,0,0,1,0,0,0,0,0,0,0,0,1
6,43,0,4,33.0,7,0.0,0,1,0,0,0,0,1,1,0,0,0,0,0,0,3
23,25,1,6,38.0,1,0.0,1,0,1,1,0,0,0,0,1,0,0,0,0,0,3
11,32,0,6,125.0,5,0.0,0,0,1,0,0,1,0,0,0,0,0,0,0,0,4
29,37,1,13,145.0,0,0.0,1,0,0,0,0,0,1,0,0,1,0,0,0,0,4
42,44,1,2,99.0,21,0.0,0,0,0,1,0,0,0,0,1,0,0,0,0,0,3
20,34,1,2,22.0,0,0.0,1,0,0,0,0,1,0,0,1,0,0,0,0,0,4
72,60,1,21,31.0,38,1.0,0,1,0,0,0,0,0,1,0,0,0,0,0,0,2
2,36,0,3,25.0,6,0.0,1,0,0,0,0,0,0,0,0,0,0,0,0,0,3
46,25,0,5,57.0,0,0.0,1,0,1,0,0,0,1,1,0,0,0,0,0,0,1
39,51,1,21,41.0,20,0.0,0,1,0,0,0,0,1,0,0,0,0,1,0,0,4
24,25,1,1,20.0,1,0.0,1,0,1,0,1,0,0,1,0,0,0,0,0,0,2
59,43,1,4,101.0,22,0.0,1,0,1,1,0,0,0,0,0,0,1,0,0,0,2
65,37,0,8,56.0,15,0.0,0,0,0,1,0,0,0,0,0,0,0,0,0,0,2
50,27,1,5,22.0,5,0.0,1,1,0,1,0,0,0,0,1,0,0,0,0,0,1
57,37,0,11,108.0,9,0.0,1,0,0,0,0,1,0,0,0,0,0,0,0,0,3
61,48,0,14,115.0,20,0.0,1,0,1,0,0,1,0,0,0,0,0,0,0,0,4
34,54,0,31,53.0,22,0.0,0,0,1,0,0,1,0,0,0,0,0,0,0,0,4
38,53,0,13,242.0,12,0.0,0,0,1,0,0,1,0,0,0,0,0,0,0,0,4
3,24,1,2,20.0,3,0.0,1,0,0,1,0,0,0,0,0,0,1,0,0,0,3
4,47,0,5,123.0,11,0.0,0,1,0,0,0,1,0,0,0,0,0,0,0,0,1
15,35,0,0,34.0,12,0.0,0,1,0,0,0,0,0,0,0,0,0,0,0,0,1
25,29,1,8,31.0,3,0.0,1,0,0,0,0,1,0,0,0,0,1,0,0,0,2
21,44,0,25,47.0,12,0.0,1,0,1,0,0,0,0,1,0,0,0,0,0,0,3
50,37,1,11,48.0,8,0.0,1,0,1,0,1,0,0,1,0,0,0,0,0,0,3
65,64,1,22,13.0,5,1.0,1,1,0,1,0,0,0,0,1,0,0,0,0,0,3
59,52,1,18,78.0,25,0.0,0,1,0,0,0,0,0,1,0,0,0,0,0,0,1
29,26,0,7,34.0,7,0.0,1,0,1,0,0,0,0,1,0,0,0,0,0,0,3
60,46,0,17,81.0,9,0.0,1,0,0,0,0,0,1,0,0,0,0,0,0,0,2
71,45,1,14,86.0,25,0.0,0,0,0,1,0,0,0,1,0,0,0,0,0,0,2
38,27,1,0,26.0,2,0.0,0,0,1,0,0,1,0,0,0,1,0,0,0,0,4
16,34,1,5,51.0,8,0.0,1,0,1,1,0,0,0,0,0,0,1,0,0,0,1
7,31,0,10,59.0,10,0.0,0,0,1,0,1,0,0,0,0,0,0,0,0,0,1
59,53,0,21,112.0,16,0.0,0,0,0,0,0,1,0,0,0,0,0,0,0,0,2
22,56,1,14,57.0,28,0.0,0,1,0,0,0,1,0,1,0,0,0,0,0,0,4
18,48,1,20,41.0,2,0.0,1,0,0,0,0,0,0,1,0,0,0,0,0,0,1
64,46,1,19,168.0,26,0.0,1,1,0,1,0,0,0,1,0,0,0,0,0,0,4
7,33,0,4,29.0,4,0.0,1,1,0,0,0,1,0,0,1,0,0,0,0,0,1
65,58,0,13,167.0,14,0.0,1,0,1,1,0,0,0,1,0,0,0,0,0,0,2
7,24,0,5,29.0,3,0.0,0,0,1,1,0,0,0,0,1,0,0,0,0,0,1
64,55,0,28,104.0,26,0.0,1,0,0,0,0,0,0,0,0,0,0,0,0,0,3
42,22,1,0,46.0,0,0.0,0,0,1,0,0,1,0,1,0,0,0,0,0,0,4
33,26,0,5,46.0,1,0.0,1,0,1,0,0,1,0,0,1,0,0,0,0,0,4
3,33,0,8,51.0,0,0.0,1,0,0,0,0,1,0,0,0,0,0,0,0,0,1
69,42,1,11,65.0,18,0.0,0,1,0,1,0,0,0,1,0,0,0,0,0,0,4
9,33,0,1,48.0,13,0.0,0,1,0,1,0,0,0,1,0,0,0,0,0,0,1
22,34,1,1,46.0,1,0.0,0,0,1,0,1,0,0,0,0,1,0,0,0,0,2
53,63,1,15,43.0,18,0.0,0,1,0,1,0,0,0,1,0,0,0,0,0,0,2
71,53,0,30,110.0,34,0.0,0,0,1,0,0,0,0,0,0,0,0,0,0,0,2
24,26,0,2,32.0,2,0.0,0,0,1,0,1,0,0,0,1,0,0,0,0,0,1
12,22,1,1,18.0,0,0.0,1,0,1,0,1,0,0,1,0,0,0,0,0,0,1
25,39,1,1,26.0,0,0.0,0,0,0,0,0,1,0,0,0,1,0,0,0,0,2
63,28,1,9,34.0,10,0.0,1,0,1,1,0,0,0,0,0,0,0,1,0,0,3
33,54,1,18,57.0,4,0.0,1,0,0,0,0,1,0,0,1,0,0,0,0,0,3
57,54,1,20,21.0,0,0.0,1,1,0,1,0,0,0,0,1,0,0,0,0,0,1
13,33,0,7,38.0,10,0.0,1,0,1,0,1,0,0,0,0,0,0,0,0,0,4
13,21,0,2,19.0,0,0.0,1,0,0,0,1,0,0,0,0,0,0,0,0,0,2
71,39,0,2,40.0,17,0.0,0,0,0,0,1,0,0,0,0,0,0,0,0,0,3
18,69,1,11,58.0,8,0.0,0,0,1,0,1,0,0,1,0,0,0,0,0,0,4
17,51,1,10,95.0,15,0.0,1,0,0,1,0,0,0,1,0,0,0,0,0,0,1
22,43,0,4,114.0,19,0.0,0,1,0,1,0,0,0,0,0,0,0,0,0,0,1
65,65,1,27,128.0,24,0.0,0,1,0,0,1,0,0,1,0,0,0,0,0,0,3
7,40,0,9,33.0,2,0.0,1,0,1,0,0,1,0,0,0,0,0,0,0,0,1
72,66,0,30,460.0,41,0.0,1,0,1,0,0,1,0,0,0,0,0,0,0,0,4
35,43,0,12,224.0,17,0.0,0,0,0,0,1,0,0,0,0,0,0,0,0,0,1
24,39,0,2,122.0,12,0.0,0,0,0,0,0,1,0,0,1,0,0,0,0,0,4
64,24,1,0,23.0,1,0.0,1,0,0,0,1,0,0,0,0,0,1,0,0,0,2
63,63,1,19,191.0,27,0.0,0,1,0,0,1,0,0,1,0,0,0,0,0,0,2
38,31,1,7,187.0,6,0.0,0,0,0,0,0,1,0,0,1,0,0,0,0,0,4
29,37,1,9,119.0,12,0.0,0,1,0,0,1,0,0,0,1,0,0,0,0,0,1
72,69,1,49,44.0,44,1.0,1,0,0,1,0,0,0,1,0,0,0,0,0,0,3
10,27,1,2,15.0,2,0.0,1,0,0,0,1,0,0,1,0,0,0,0,0,0,4
72,64,0,41,674.0,37,0.0,1,0,1,0,0,1,0,0,0,0,0,0,0,0,3
52,23,1,4,33.0,0,0.0,1,0,1,0,0,1,0,1,0,0,0,0,0,0,3
13,55,0,3,250.0,35,0.0,1,0,1,1,0,0,0,1,0,0,0,0,0,0,1
3,33,0,6,64.0,0,0.0,0,0,0,0,0,1,0,1,0,0,0,0,0,0,1
39,24,1,2,26.0,4,0.0,0,0,1,1,0,0,0,0,0,1,0,0,0,0,1
28,29,0,4,23.0,5,0.0,0,1,0,0,1,0,0,1,0,0,0,0,0,0,2
46,42,0,9,52.0,7,0.0,0,1,0,0,0,1,0,0,1,0,0,0,0,0,2
62,46,0,27,200.0,9,0.0,1,1,0,0,1,0,0,0,0,0,0,0,0,0,1
23,33,1,7,28.0,4,0.0,0,1,0,0,0,0,0,1,0,0,0,0,0,0,3
23,25,1,5,19.0,0,0.0,0,0,1,0,0,0,1,0,1,0,0,0,0,0,4
72,61,1,39,76.0,21,0.0,0,1,0,0,1,0,0,1,0,0,0,0,0,0,4
56,60,0,26,70.0,20,0.0,0,0,1,1,0,0,0,0,0,0,0,0,0,0,1
8,30,0,1,34.0,9,0.0,1,0,0,1,0,0,0,0,0,0,0,0,0,0,3
3,36,0,7,34.0,3,0.0,1,0,1,0,0,0,1,0,1,0,0,0,0,0,4
37,37,0,7,172.0,13,0.0,0,0,1,0,1,0,0,0,0,0,0,0,0,0,1
37,53,1,13,48.0,10,0.0,0,0,1,0,0,0,0,0,1,0,0,0,0,0,3
6,30,0,9,45.0,2,0.0,1,1,0,1,0,0,0,0,0,0,0,0,0,0,1
48,47,0,9,72.0,13,0.0,0,0,0,0,1,0,0,0,0,0,1,0,0,0,4
43,43,1,3,55.0,18,0.0,1,1,0,0,0,1,0,0,0,1,0,0,0,0,4
21,29,0,7,40.0,2,0.0,1,1,0,0,0,1,0,0,0,1,0,0,0,0,1
6,33,0,12,26.0,0,0.0,0,0,1,0,1,0,0,0,0,0,0,0,0,0,3
69,51,0,18,96.0,33,0.0,0,1,0,0,0,0,0,0,0,1,0,0,0,0,3
22,33,0,9,54.0,10,0.0,0,0,0,0,0,0,0,0,0,0,0,0,0,0,3
28,40,1,1,47.0,9,0.0,1,0,0,1,0,0,0,0,1,0,0,0,0,0,3
71,47,1,23,142.0,30,0.0,0,0,0,0,0,0,0,1,0,0,0,0,0,0,2
7,37,0,5,57.0,1,0.0,0,1,0,0,0,1,0,0,0,0,0,0,0,0,1
63,29,0,10,20.0,7,0.0,0,0,0,0,1,0,0,1,0,0,0,0,0,0,4
53,57,0,25,37.0,7,0.0,0,1,0,0,0,0,0,0,0,0,0,0,0,0,2
50,52,1,17,36.0,16,0.0,0,1,0,0,0,1,0,0,0,1,0,0,0,0,4
39,31,1,6,24.0,2,0.0,0,1,0,0,0,1,0,1,0,0,0,0,0,0,4
16,19,0,0,21.0,0,0.0,1,0,1,1,0,0,0,0,0,0,0,0,0,0,1
43,51,1,15,186.0,25,0.0,0,0,1,0,1,0,0,1,0,0,0,0,0,0,4
44,31,0,12,30.0,7,0.0,1,0,1,0,0,0,0,0,1,0,0,0,0,0,1
72,66,1,43,96.0,16,0.0,1,1,0,1,0,0,0,1,0,0,0,0,0,0,4
61,76,0,39,15.0,29,1.0,0,0,1,0,0,0,0,0,0,0,0,0,0,0,3
43,21,1,1,25.0,4,0.0,0,0,1,0,0,0,0,0,0,1,0,0,0,0,2
24,39,0,11,49.0,7,0.0,1,0,1,0,1,0,0,0,0,0,0,0,0,0,1
64,45,0,4,38.0,7,0.0,1,0,1,1,0,0,0,0,0,0,0,0,0,0,3
64,38,0,0,29.0,2,0.0,0,1,0,1,0,0,0,1,0,0,0,0,0,0,2
24,26,0,7,55.0,7,0.0,1,0,0,1,0,0,0,0,0,0,0,0,0,0,1
33,55,1,21,64.0,10,0.0,1,0,1,0,1,0,0,0,1,0,0,0,0,0,1
33,33,1,12,42.0,7,0.0,1,1,0,0,0,1,0,0,0,0,1,0,0,0,2
2,40,0,9,134.0,2,0.0,0,0,0,0,0,1,0,0,0,0,0,0,0,0,1
42,48,1,22,82.0,21,0.0,1,1,0,0,0,0,0,0,0,0,1,0,0,0,4
52,54,1,5,153.0,10,0.0,0,0,0,0,0,0,1,1,0,0,0,0,0,0,2
45,66,0,43,144.0,13,0.0,1,0,0,1,0,0,0,0,0,0,0,0,0,0,2
3,25,0,4,22.0,0,0.0,0,0,1,0,0,1,0,1,0,0,0,0,0,0,4
37,53,1,16,35.0,16,0.0,1,1,0,0,0,0,0,0,0,1,0,0,0,0,3
28,57,0,33,82.0,22,0.0,1,1,0,0,0,1,0,0,0,0,0,0,0,0,2
40,63,1,9,61.0,22,0.0,0,0,1,0,0,0,0,1,0,0,0,0,0,0,1
37,33,0,1,102.0,12,0.0,0,1,0,1,0,0,0,0,0,0,0,0,0,0,4
7,27,0,5,31.0,4,0.0,0,0,1,0,1,0,0,0,0,0,1,0,0,0,4
71,56,0,23,170.0,30,0.0,1,0,0,0,0,0,0,0,0,0,0,0,0,0,4
19,46,0,11,26.0,0,0.0,1,1,0,1,0,0,0,0,0,0,0,0,0,0,1
61,40,0,15,85.0,15,0.0,1,1,0,0,1,0,0,0,0,0,0,0,0,0,3
70,53,1,16,183.0,35,0.0,1,0,1,1,0,0,0,1,0,0,0,0,0,0,2
60,55,1,13,67.0,18,0.0,1,1,0,0,0,0,0,1,0,0,0,0,0,0,1
48,45,1,5,42.0,11,0.0,1,0,1,0,0,0,0,1,0,0,0,0,0,0,1
8,63,1,1,31.0,9,0.0,0,0,0,0,0,0,0,1,0,0,0,0,0,0,3
58,58,1,10,96.0,17,0.0,0,1,0,1,0,0,0,0,0,1,0,0,0,0,3
16,24,1,5,24.0,2,0.0,0,0,0,0,1,0,0,0,0,0,1,0,0,0,3
33,33,0,4,53.0,14,0.0,1,1,0,1,0,0,0,0,0,0,0,0,0,0,1
39,25,0,4,18.0,0,0.0,1,1,0,0,0,0,0,0,0,0,0,0,0,0,3
62,51,0,10,43.0,19,0.0,0,0,0,0,0,1,0,1,0,0,0,0,0,0,2
50,34,0,10,104.0,9,0.0,0,0,0,0,1,0,0,0,0,0,0,0,0,0,4
48,55,0,31,26.0,1,0.0,0,1,0,0,0,0,0,0,0,0,0,0,0,0,1
31,62,0,5,56.0,26,0.0,1,0,1,1,0,0,0,0,0,0,0,0,0,0,3
65,33,1,9,49.0,6,0.0,0,1,0,1,0,0,0,0,0,0,1,0,0,0,2
36,58,0,34,80.0,21,0.0,1,0,0,0,0,0,0,0,0,0,0,0,0,0,2
61,46,0,5,318.0,18,0.0,1,0,0,0,1,0,0,0,0,0,0,0,0,0,3
48,42,0,21,35.0,5,0.0,0,1,0,0,0,1,0,0,0,0,0,0,0,0,3
35,45,0,17,29.0,6,0.0,0,0,1,0,0,0,0,0,0,0,0,0,0,0,1
51,28,0,8,43.0,1,0.0,0,0,0,0,0,0,1,0,0,0,1,0,0,0,4
49,51,1,5,80.0,3,0.0,0,1,0,0,0,0,1,1,0,0,0,0,0,0,4
35,39,1,11,30.0,2,0.0,1,0,0,0,1,0,0,0,1,0,0,0,0,0,3
58,70,0,2,9.0,24,1.0,1,0,0,0,1,0,0,0,0,0,0,0,0,0,2
23,35,1,0,23.0,1,0.0,0,0,0,1,0,0,0,0,0,0,1,0,0,0,3
26,39,1,15,58.0,9,0.0,1,1,0,0,0,1,0,1,0,0,0,0,0,0,3
38,37,1,1,52.0,20,0.0,1,0,0,0,0,0,0,0,0,1,0,0,0,0,4
35,66,1,44,14.0,12,1.0,1,0,0,0,1,0,0,1,0,0,0,0,0,0,3
37,50,0,9,110.0,21,0.0,1,1,0,1,0,0,0,0,0,0,0,0,0,0,3
48,43,1,1,60.0,12,0.0,0,1,0,1,0,0,0,1,0,0,0,0,0,0,2
13,43,1,1,123.0,21,0.0,0,0,1,0,1,0,0,0,0,0,1,0,0,0,4
72,63,1,29,15.0,31,1.0,0,0,0,0,0,0,1,1,0,0,0,0,0,0,3
30,27,0,4,47.0,2,0.0,1,0,0,0,0,1,0,1,0,0,0,0,0,0,2
24,43,0,14,138.0,11,0.0,1,0,0,0,0,1,0,0,0,0,0,0,0,0,3
25,51,1,20,359.0,29,0.0,0,1,0,0,1,0,0,1,0,0,0,0,0,0,4
50,52,0,30,214.0,22,0.0,0,1,0,0,1,0,0,0,0,0,0,0,0,0,4
28,40,0,7,64.0,19,0.0,0,1,0,0,0,0,0,0,0,0,0,0,0,0,3
34,51,0,8,50.0,14,0.0,0,0,1,0,0,1,0,0,0,0,0,0,0,0,1
48,32,0,2,88.0,9,0.0,0,0,0,0,1,0,0,0,0,0,0,0,0,0,4
42,36,1,8,86.0,15,0.0,1,1,0,1,0,0,0,1,0,0,0,0,0,0,2
67,65,1,30,17.0,29,1.0,1,0,1,0,0,0,0,1,0,0,0,0,0,0,3
17,41,1,7,25.0,17,0.0,0,0,0,1,0,0,0,0,1,0,0,0,0,0,3
29,38,1,19,46.0,6,0.0,0,0,0,1,0,0,0,1,0,0,0,0,0,0,2
66,61,0,26,361.0,40,0.0,1,0,1,0,0,0,0,0,0,0,0,0,0,0,2
1,21,0,1,18.0,0,0.0,1,1,0,0,1,0,0,0,0,0,0,0,0,0,1
28,33,1,3,14.0,1,0.0,0,0,0,0,0,1,0,0,1,0,0,0,0,0,4
15,35,1,5,34.0,8,0.0,0,0,0,0,1,0,0,1,0,0,0,0,0,0,2
12,64,0,13,9.0,6,1.0,1,1,0,1,0,0,0,0,0,0,0,0,0,0,3
48,49,0,18,39.0,5,0.0,1,0,1,1,0,0,0,0,0,0,0,0,0,0,4
59,25,1,4,18.0,2,0.0,0,1,0,0,1,0,0,0,0,1,0,0,0,0,1
8,26,1,1,25.0,1,0.0,0,0,1,0,0,1,0,1,0,0,0,0,0,0,1
45,52,0,15,46.0,8,0.0,1,0,0,0,0,0,1,0,0,0,0,0,0,0,2
25,39,1,8,94.0,11,0.0,1,0,0,0,0,1,0,0,0,1,0,0,0,0,2
21,44,1,4,26.0,2,0.0,0,0,0,0,1,0,0,1,0,0,0,0,0,0,4
17,68,1,1,335.0,35,0.0,1,1,0,0,0,0,0,0,1,0,0,0,0,0,4
41,45,0,14,25.0,6,0.0,0,1,0,0,1,0,0,0,0,0,0,0,0,0,1
13,45,1,3,99.0,8,0.0,1,0,0,0,1,0,0,1,0,0,0,0,0,0,3
1,26,1,3,30.0,7,0.0,1,1,0,1,0,0,0,0,0,0,1,0,0,0,1
3,31,1,4,35.0,2,0.0,1,0,1,1,0,0,0,0,1,0,0,0,0,0,4
23,27,1,2,51.0,1,0.0,1,0,0,0,0,0,1,1,0,0,0,0,0,0,1
26,42,0,20,49.0,13,0.0,0,0,1,0,1,0,0,0,0,0,0,0,0,0,4
37,51,1,15,54.0,15,0.0,0,0,0,0,0,0,0,0,1,0,0,0,0,0,3
5,30,0,3,46.0,7,0.0,0,0,1,0,0,1,0,0,0,0,0,0,0,0,2
32,27,1,3,91.0,1,0.0,1,0,0,0,0,1,0,0,1,0,0,0,0,0,4
12,22,0,1,23.0,0,0.0,0,0,1,0,0,1,0,1,0,0,0,0,0,0,1
72,54,1,6,345.0,32,0.0,0,0,0,0,0,0,0,1,0,0,0,0,0,0,3
3,25,1,2,45.0,0,0.0,1,0,1,0,0,1,0,1,0,0,0,0,0,0,1
54,43,0,12,53.0,12,0.0,0,0,0,1,0,0,0,0,0,0,0,0,0,0,3
26,26,0,2,14.0,6,0.0,1,1,0,1,0,0,0,0,0,0,0,0,0,0,4
14,36,0,13,67.0,4,0.0,1,0,1,0,0,0,1,0,0,0,0,0,0,0,1
22,51,0,27,49.0,1,0.0,0,0,1,0,1,0,0,0,0,0,0,0,0,0,1
65,47,1,18,37.0,15,0.0,1,0,1,0,0,0,0,0,0,1,0,0,0,0,1
26,45,0,18,33.0,9,0.0,0,0,1,0,0,0,0,0,0,0,0,0,0,0,1
20,37,0,5,46.0,10,0.0,1,0,0,0,1,0,0,0,0,1,0,0,0,0,4
67,60,1,32,93.0,21,0.0,0,1,0,0,0,0,0,0,0,1,0,0,0,0,2
34,55,0,2,48.0,11,0.0,0,0,0,1,0,0,0,0,0,0,0,0,0,0,1
37,54,1,35,183.0,22,0.0,0,0,0,1,0,0,0,0,1,0,0,0,0,0,3
22,23,1,3,16.0,5,0.0,0,1,0,0,0,0,0,0,0,1,0,0,0,0,1
5,69,0,0,11.0,14,1.0,0,1,0,1,0,0,0,0,0,0,0,0,0,0,1
28,31,1,0,42.0,5,0.0,1,0,0,0,0,1,0,0,1,0,0,0,0,0,3
20,41,1,7,67.0,14,0.0,1,0,0,0,0,1,0,0,0,1,0,0,0,0,1
72,41,0,20,181.0,12,0.0,0,0,1,0,0,1,0,0,0,0,0,0,0,0,4
30,43,0,18,53.0,6,0.0,0,1,0,0,0,1,0,0,0,0,0,0,0,0,1
71,52,0,17,172.0,32,0.0,0,0,1,1,0,0,0,0,0,0,0,0,0,0,4
56,44,0,24,87.0,19,0.0,0,1,0,1,0,0,0,0,0,0,0,0,0,0,3
8,29,1,2,21.0,0,0.0,0,0,0,0,0,0,1,1,0,0,0,0,0,0,1
32,65,0,6,9.0,30,1.0,1,1,0,1,0,0,0,0,0,0,0,0,0,0,2
46,47,0,22,144.0,22,0.0,1,1,0,0,1,0,0,1,0,0,0,0,0,0,3
60,45,1,23,117.0,11,0.0,0,0,1,0,0,1,0,0,1,0,0,0,0,0,4
42,32,1,0,59.0,4,0.0,1,1,0,0,0,1,0,0,0,0,0,1,0,0,4
71,60,1,39,508.0,35,0.0,0,0,1,0,0,1,0,0,0,1,0,0,0,0,4
72,63,1,40,222.0,43,1.0,1,1,0,1,0,0,0,1,0,0,0,0,0,0,3
45,66,0,11,87.0,25,1.0,1,0,1,0,1,0,0,0,0,0,0,0,0,0,1
5,31,0,4,34.0,9,0.0,0,0,1,0,0,0,0,0,0,0,0,0,0,0,3
17,38,1,19,18.0,0,0.0,1,1,0,0,0,1,0,0,0,1,0,0,0,0,2
70,55,0,12,65.0,24,0.0,0,1,0,0,1,0,0,0,0,0,0,0,0,0,3
57,57,1,19,130.0,27,0.0,1,0,1,0,1,0,0,1,0,0,0,0,0,0,2
20,33,0,13,44.0,8,0.0,1,0,0,0,1,0,0,0,0,0,0,0,0,0,2
72,52,1,21,63.0,24,0.0,0,0,0,0,0,0,0,0,1,0,0,0,0,0,3
32,50,0,28,57.0,20,0.0,0,0,1,0,0,1,0,0,0,0,0,0,0,0,3
22,57,1,7,264.0,35,0.0,1,0,1,0,0,0,0,1,0,0,0,0,0,0,3
6,24,0,2,28.0,5,0.0,0,1,0,0,0,0,0,1,0,0,0,0,0,0,3
32,23,1,2,26.0,1,0.0,1,0,1,0,1,0,0,0,0,0,0,1,0,0,4
38,33,0,3,38.0,0,0.0,0,0,0,0,0,1,0,0,0,0,0,0,0,0,2
53,35,0,15,59.0,5,0.0,1,0,0,0,1,0,0,0,0,0,0,0,0,0,3
37,76,0,38,117.0,21,0.0,1,0,1,0,0,1,0,0,0,0,0,0,0,0,1
47,35,1,13,70.0,9,0.0,1,0,0,0,0,1,0,1,0,0,0,0,0,0,4
69,59,0,37,104.0,13,0.0,0,0,1,1,0,0,0,0,0,0,0,0,0,0,3
63,56,0,17,71.0,18,0.0,1,0,1,0,1,0,0,0,0,0,0,0,0,0,1
61,34,1,0,70.0,7,0.0,1,0,0,0,1,0,0,0,1,0,0,0,0,0,4
56,38,1,8,56.0,10,0.0,0,0,0,0,0,1,0,1,0,0,0,0,0,0,4
40,57,1,18,68.0,23,0.0,0,0,1,0,0,0,0,1,0,0,0,0,0,0,3
61,45,0,21,80.0,13,0.0,1,1,0,1,0,0,0,0,0,0,0,0,0,0,2
16,26,0,7,21.0,1,0.0,0,1,0,0,0,1,0,0,0,0,0,1,0,0,4
7,43,0,4,69.0,5,0.0,1,1,0,0,1,0,0,0,0,0,0,0,0,0,1
20,31,1,10,39.0,3,0.0,1,0,1,1,0,0,0,1,0,0,0,0,0,0,1
35,38,0,7,90.0,18,0.0,0,1,0,1,0,0,0,0,0,1,0,0,0,0,2
60,37,1,12,64.0,1,0.0,1,0,0,0,0,0,1,1,0,0,0,0,0,0,2
47,25,0,2,28.0,6,0.0,0,1,0,1,0,0,0,0,0,0,0,0,0,0,4
33,28,1,3,24.0,0,0.0,1,1,0,1,0,0,0,0,0,0,0,1,0,0,1
12,34,0,2,44.0,7,0.0,0,0,1,1,0,0,0,0,0,0,0,0,0,0,1
10,31,0,0,32.0,7,0.0,1,0,0,0,0,1,0,1,0,0,0,0,0,0,2
69,33,1,9,52.0,9,0.0,1,1,0,0,0,1,0,0,1,0,0,0,0,0,3
23,20,0,1,15.0,0,0.0,1,0,0,0,1,0,0,0,0,0,0,0,0,0,2
53,31,0,10,46.0,6,0.0,0,0,0,0,1,0,0,1,0,0,0,0,0,0,2
60,57,1,14,107.0,33,0.0,1,1,0,1,0,0,0,1,0,0,0,0,0,0,3
33,33,0,7,56.0,11,0.0,0,1,0,1,0,0,0,0,0,0,0,0,0,0,1
67,40,1,21,40.0,7,0.0,1,0,1,0,0,1,0,0,0,1,0,0,0,0,4
15,38,1,5,56.0,13,0.0,0,0,1,0,1,0,0,0,1,0,0,0,0,0,3
64,31,1,5,46.0,7,0.0,1,0,1,1,0,0,0,0,0,1,0,0,0,0,2
46,49,1,13,51.0,21,0.0,0,1,0,1,0,0,0,1,0,0,0,0,0,0,1
72,60,1,33,12.0,20,1.0,0,1,0,0,0,0,0,0,1,0,0,0,0,0,4
61,43,1,6,34.0,6,0.0,0,0,0,0,0,0,1,0,1,0,0,0,0,0,4
54,27,0,3,27.0,6,0.0,1,0,1,1,0,0,0,0,0,0,1,0,0,0,4
28,36,0,3,42.0,7,0.0,1,0,1,0,1,0,0,0,0,0,0,0,0,0,3
28,38,0,8,119.0,2,0.0,0,1,0,0,0,0,1,0,1,0,0,0,0,0,4
32,43,0,13,146.0,27,0.0,1,1,0,0,0,0,0,0,0,0,0,0,0,0,3
52,46,0,17,51.0,13,0.0,1,1,0,1,0,0,0,0,1,0,0,0,0,0,2
48,62,0,33,86.0,22,1.0,1,0,0,0,0,0,0,0,0,0,0,0,0,0,3
52,42,1,17,27.0,8,0.0,1,0,1,0,1,0,0,1,0,0,0,0,0,0,3
37,43,0,8,38.0,9,0.0,0,0,0,0,1,0,0,0,0,0,0,0,0,0,2
41,52,0,26,928.0,29,0.0,0,0,0,0,1,0,0,0,1,0,0,0,0,0,3
43,27,1,3,21.0,1,0.0,1,1,0,1,0,0,0,0,1,0,0,0,0,0,2
67,60,0,24,24.0,6,0.0,1,0,1,0,0,0,0,0,0,0,0,0,0,0,3
61,52,1,30,91.0,25,0.0,1,0,1,0,0,0,0,1,0,0,0,0,0,0,1
70,39,1,20,38.0,8,0.0,1,0,1,1,0,0,0,0,0,1,0,0,0,0,3
44,32,1,1,96.0,5,0.0,1,0,1,0,0,1,0,0,0,1,0,0,0,0,4
46,45,0,12,96.0,17,0.0,0,0,1,0,1,0,0,0,0,0,0,0,0,0,2
39,34,0,2,54.0,5,0.0,0,0,1,0,1,0,0,0,0,0,0,0,0,0,1
39,59,0,20,1668.0,27,0.0,1,1,0,0,0,1,0,0,0,0,0,0,0,0,2
50,29,1,10,53.0,0,0.0,1,1,0,0,0,1,0,0,0,1,0,0,0,0,4
5,31,0,1,21.0,1,0.0,1,0,1,0,1,0,0,1,0,0,0,0,0,0,1
10,34,0,1,52.0,3,0.0,1,1,0,0,0,0,1,0,0,0,0,0,0,0,2
72,69,0,45,17.0,36,1.0,1,0,0,0,1,0,0,0,0,0,0,0,0,0,2
68,60,0,40,262.0,39,0.0,1,1,0,1,0,0,0,0,0,0,0,0,0,0,3
58,28,0,5,34.0,1,0.0,1,0,1,0,0,0,1,0,0,0,0,0,0,0,2
18,44,1,10,107.0,19,0.0,1,0,1,0,0,0,0,0,0,0,0,0,1,0,1
65,45,1,25,67.0,13,0.0,1,0,0,0,0,0,1,1,0,0,0,0,0,0,3
8,45,0,1,37.0,0,0.0,0,0,1,0,0,1,0,0,0,0,0,0,0,0,2
1,20,0,1,21.0,0,0.0,1,1,0,1,0,0,0,1,0,0,0,0,0,0,1
42,58,0,7,22.0,4,0.0,1,0,1,0,0,0,0,0,0,0,0,0,0,0,2
4,25,1,3,71.0,3,0.0,1,0,0,0,1,0,0,0,0,0,1,0,0,0,1
17,35,0,4,77.0,8,0.0,1,0,1,0,1,0,0,0,0,0,0,0,0,0,3
8,24,1,1,18.0,0,0.0,1,1,0,0,0,1,0,0,0,0,1,0,0,0,4
49,37,1,17,50.0,12,0.0,1,0,0,1,0,0,0,1,0,0,0,0,0,0,2
56,46,1,21,33.0,7,0.0,0,0,0,0,0,1,0,1,0,0,0,0,0,0,2
62,57,1,21,94.0,22,0.0,0,0,0,0,0,0,0,1,0,0,0,0,0,0,4
42,57,1,25,209.0,40,0.0,1,1,0,0,0,0,0,0,0,1,0,0,0,0,1
13,32,0,7,31.0,5,0.0,0,0,0,0,0,1,0,1,0,0,0,0,0,0,3
69,46,1,18,66.0,19,0.0,0,0,0,1,0,0,0,0,0,1,0,0,0,0,2
45,59,0,14,51.0,15,0.0,0,1,0,0,0,0,0,1,0,0,0,0,0,0,1
66,42,1,18,118.0,20,0.0,0,1,0,1,0,0,0,1,0,0,0,0,0,0,2
15,35,0,10,25.0,3,0.0,0,1,0,1,0,0,0,0,0,0,0,0,0,0,1
41,44,1,1,59.0,21,0.0,1,0,0,0,1,0,0,0,1,0,0,0,0,0,2
11,20,0,1,20.0,0,0.0,1,1,0,1,0,0,0,0,0,0,0,0,0,0,4
45,30,1,0,63.0,4,0.0,0,0,1,0,0,0,1,0,0,1,0,0,0,0,4
52,62,0,23,36.0,17,0.0,0,0,0,0,0,1,0,0,0,0,0,0,0,0,1
42,56,0,24,72.0,18,0.0,1,0,0,0,0,1,0,0,0,0,0,0,0,0,4
48,35,0,11,50.0,16,0.0,0,1,0,0,0,0,0,0,1,0,0,0,0,0,3
4,31,0,5,39.0,5,0.0,0,0,1,1,0,0,0,1,0,0,0,0,0,0,4
53,64,1,10,54.0,20,0.0,1,0,1,1,0,0,0,1,0,0,0,0,0,0,4
1,59,0,4,9.0,4,1.0,0,0,1,0,0,0,0,0,0,0,0,0,0,0,3
19,30,1,10,33.0,1,0.0,0,0,1,0,0,1,0,0,1,0,0,0,0,0,4
33,30,0,11,28.0,9,0.0,0,1,0,0,0,0,0,0,0,0,0,0,0,0,1
42,36,1,14,44.0,11,0.0,0,0,1,1,0,0,0,0,1,0,0,0,0,0,3
60,32,0,12,34.0,4,0.0,1,0,0,0,0,1,0,1,0,0,0,0,0,0,2
57,51,1,7,68.0,18,0.0,1,1,0,0,0,1,0,0,1,0,0,0,0,0,3
64,39,0,5,37.0,9,0.0,0,0,0,0,0,0,0,0,0,0,0,0,0,0,1
28,20,1,1,18.0,0,0.0,0,1,0,0,1,0,0,0,1,0,0,0,0,0,4
29,35,1,10,55.0,7,0.0,0,0,0,1,0,0,0,0,0,1,0,0,0,0,3
46,31,1,12,21.0,5,0.0,0,0,0,0,0,0,0,0,0,0,1,0,0,0,3
22,41,1,9,29.0,11,0.0,0,0,0,0,1,0,0,0,0,1,0,0,0,0,1
10,56,0,26,9.0,6,1.0,0,1,0,1,0,0,0,1,0,0,0,0,0,0,1
50,41,0,16,138.0,18,0.0,1,0,1,1,0,0,0,0,0,0,0,0,0,0,2
55,65,0,34,28.0,12,1.0,1,0,0,0,0,1,0,0,0,0,0,0,0,0,4
15,54,0,7,62.0,11,0.0,0,1,0,0,0,0,0,0,0,0,0,0,0,0,1
31,32,1,13,37.0,8,0.0,1,0,0,0,1,0,0,0,1,0,0,0,0,0,4
5,44,0,5,83.0,16,0.0,1,0,1,0,0,0,0,0,0,0,0,0,0,0,2
69,63,0,28,168.0,43,0.0,1,1,0,0,0,0,0,1,0,0,0,0,0,0,3
26,27,1,4,33.0,1,0.0,0,1,0,0,0,1,0,0,0,0,0,1,0,0,4
10,33,1,2,66.0,9,0.0,1,0,1,0,1,0,0,0,0,1,0,0,0,0,1
26,30,0,9,18.0,1,0.0,0,0,0,0,0,1,0,0,1,0,0,0,0,0,4
25,30,0,0,20.0,4,0.0,1,0,1,0,0,0,0,0,0,0,0,0,0,0,3
30,23,1,4,19.0,1,0.0,0,0,1,0,1,0,0,0,0,1,0,0,0,0,2
21,39,1,7,25.0,1,0.0,0,0,0,1,0,0,0,0,0,1,0,0,0,0,3
71,46,0,27,119.0,7,0.0,1,0,0,0,0,0,1,0,0,0,0,0,0,0,4
11,48,1,5,323.0,25,0.0,0,0,1,0,0,1,0,0,0,1,0,0,0,0,3
24,30,1,7,45.0,11,0.0,1,0,0,0,0,0,0,1,0,0,0,0,0,0,1
65,59,1,27,197.0,26,0.0,0,0,0,0,0,1,0,1,0,0,0,0,0,0,2
16,34,1,13,56.0,10,0.0,1,0,0,0,1,0,0,0,1,0,0,0,0,0,1
37,51,1,26,24.0,4,0.0,0,0,1,0,0,1,0,1,0,0,0,0,0,0,2
5,30,0,4,25.0,6,0.0,0,0,0,0,1,0,0,0,0,0,0,0,0,0,3
3,55,1,9,26.0,0,0.0,1,0,0,0,0,0,1,1,0,0,0,0,0,0,2
5,32,0,6,33.0,3,0.0,0,0,0,0,0,1,0,1,0,0,0,0,0,0,1
60,44,1,4,150.0,24,0.0,0,0,0,1,0,0,0,1,0,0,0,0,0,0,4
19,37,1,4,99.0,15,0.0,1,1,0,1,0,0,0,0,1,0,0,0,0,0,2
54,40,0,19,50.0,12,0.0,1,0,1,0,0,1,0,1,0,0,0,0,0,0,4
25,41,0,3,81.0,20,0.0,1,1,0,0,1,0,0,0,0,1,0,0,0,0,3
1,36,0,6,21.0,1,0.0,0,1,0,0,0,0,0,1,0,0,0,0,0,0,2
54,68,0,7,273.0,27,0.0,1,0,1,0,1,0,0,0,0,0,0,0,0,0,1
14,31,1,9,39.0,4,0.0,1,0,0,0,1,0,0,0,0,0,0,0,1,0,1
14,28,1,7,17.0,3,0.0,0,0,1,1,0,0,0,0,0,1,0,0,0,0,1
10,45,1,8,115.0,17,0.0,1,1,0,0,1,0,0,0,0,1,0,0,0,0,2
7,23,0,3,27.0,1,0.0,1,0,0,1,0,0,0,0,1,0,0,0,0,0,1
33,45,0,24,35.0,6,0.0,0,1,0,0,0,0,0,0,0,0,0,0,0,0,3
3,23,0,2,20.0,4,0.0,0,0,0,1,0,0,0,0,0,0,0,0,0,0,1
56,58,1,3,92.0,25,0.0,0,1,0,0,0,0,0,0,1,0,0,0,0,0,1
54,56,0,8,207.0,35,0.0,1,1,0,1,0,0,0,0,0,0,0,0,0,0,3
72,55,1,28,40.0,11,0.0,0,0,0,0,0,0,0,0,0,0,1,0,0,0,2
18,29,0,4,40.0,1,0.0,0,0,0,1,0,0,0,0,0,0,0,0,0,0,3
25,29,0,9,55.0,1,0.0,0,0,1,0,0,1,0,0,0,0,0,0,0,0,1
42,62,0,26,26.0,35,1.0,1,0,0,0,0,0,0,0,0,0,0,0,0,0,1
4,37,0,2,41.0,8,0.0,0,0,1,1,0,0,0,0,0,0,0,0,0,0,1
12,50,1,16,203.0,25,0.0,0,1,0,0,0,1,0,1,0,0,0,0,0,0,1
53,64,1,17,380.0,36,0.0,1,1,0,1,0,0,0,1,0,0,0,0,0,0,3
13,38,1,8,104.0,6,0.0,0,1,0,0,0,1,0,0,0,0,0,0,1,0,4
18,31,1,12,24.0,4,0.0,0,0,1,0,1,0,0,0,0,1,0,0,0,0,2
67,42,1,20,81.0,20,0.0,1,0,1,0,1,0,0,0,0,0,1,0,0,0,4
6,24,0,2,17.0,1,0.0,0,1,0,0,0,0,0,0,0,0,0,0,0,0,3
25,46,0,13,45.0,12,0.0,1,0,0,0,0,0,0,0,0,0,0,0,0,0,3
15,39,0,19,32.0,2,0.0,0,1,0,1,0,0,0,0,0,0,0,0,0,0,2
32,35,0,12,57.0,5,0.0,0,0,1,0,0,1,0,0,0,0,0,0,0,0,2
22,39,0,0,63.0,9,0.0,0,1,0,0,0,1,0,0,0,0,0,0,0,0,2
8,22,0,3,25.0,0,0.0,0,1,0,0,0,1,0,0,0,0,0,0,0,0,3
3,31,1,4,22.0,1,0.0,0,0,0,0,0,0,0,1,0,0,0,0,0,0,1
32,54,0,6,155.0,20,0.0,0,1,0,1,0,0,0,0,0,0,0,0,0,0,1
49,54,0,24,30.0,5,0.0,0,0,0,1,0,0,0,0,0,0,0,0,0,0,2
2,28,0,7,46.0,0,0.0,1,1,0,0,1,0,0,0,0,0,0,0,0,0,4
39,47,0,1,68.0,10,0.0,1,0,0,0,0,1,0,1,0,0,0,0,0,0,2
42,33,0,2,67.0,5,0.0,0,0,0,1,0,0,0,1,0,0,0,0,0,0,2
28,36,0,3,69.0,2,0.0,0,0,0,0,1,0,0,0,0,0,0,0,0,0,4
41,46,1,14,47.0,11,0.0,0,1,0,1,0,0,0,0,0,0,1,0,0,0,4
67,50,1,31,83.0,12,0.0,0,0,1,1,0,0,0,1,0,0,0,0,0,0,2
38,40,0,15,34.0,11,0.0,1,0,0,1,0,0,0,0,0,0,0,0,0,0,2
18,38,0,8,45.0,2,0.0,1,1,0,1,0,0,0,0,0,1,0,0,0,0,4
6,42,1,17,29.0,2,0.0,1,1,0,1,0,0,0,1,0,0,0,0,0,0,4
4,36,0,0,21.0,1,0.0,1,1,0,1,0,0,0,0,1,0,0,0,0,0,1
13,23,1,3,30.0,0,0.0,1,0,0,0,1,0,0,0,0,1,0,0,0,0,4
20,35,0,0,78.0,7,0.0,0,0,0,0,0,1,0,0,0,0,0,0,0,0,4
34,49,1,27,61.0,15,0.0,1,0,0,0,1,0,0,1,0,0,0,0,0,0,3
46,29,1,4,90.0,3,0.0,0,0,0,0,0,0,1,0,0,1,0,0,0,0,4
48,41,0,21,43.0,7,0.0,0,0,0,1,0,0,0,0,0,0,0,0,0,0,2
69,61,1,12,301.0,37,0.0,0,0,1,1,0,0,0,1,0,0,0,0,0,0,3
32,34,1,7,32.0,15,0.0,0,0,0,1,0,0,0,0,0,1,0,0,0,0,1
29,29,0,9,41.0,9,0.0,0,0,0,1,0,0,0,1,0,0,0,0,0,0,2
55,52,0,22,127.0,28,0.0,1,0,1,0,0,0,0,0,1,0,0,0,0,0,2
72,60,1,36,271.0,43,0.0,1,0,1,0,0,0,0,1,0,0,0,0,0,0,3
29,26,0,1,32.0,2,0.0,1,0,1,0,1,0,0,0,0,0,0,0,0,0,1
50,25,1,1,36.0,2,0.0,1,1,0,0,0,1,0,0,0,0,1,0,0,0,4
35,50,1,11,293.0,21,0.0,0,0,1,0,1,0,0,1,0,0,0,0,0,0,1
11,63,0,9,41.0,3,0.0,0,0,1,0,1,0,0,0,0,0,0,0,0,0,1
9,29,0,9,39.0,5,0.0,1,0,0,0,1,0,0,0,0,0,0,0,0,0,1
51,48,0,27,58.0,18,0.0,0,1,0,0,0,0,0,0,0,0,0,0,0,0,3
33,34,1,2,28.0,3,0.0,1,0,0,0,0,0,0,0,1,0,0,0,0,0,2
25,20,0,0,15.0,0,0.0,0,0,0,1,0,0,0,1,0,0,0,0,0,0,3
31,34,0,9,105.0,7,0.0,1,0,1,0,0,1,0,0,0,1,0,0,0,0,3
67,40,1,10,80.0,8,0.0,1,1,0,0,0,1,0,1,0,0,0,0,0,0,4
55,45,0,8,36.0,9,0.0,0,0,1,1,0,0,0,0,1,0,0,0,0,0,3
19,50,0,7,112.0,3,0.0,1,0,1,0,0,1,0,0,0,0,0,0,0,0,4
39,34,1,11,55.0,10,0.0,1,0,0,0,0,1,0,0,0,1,0,0,0,0,4
52,35,1,8,40.0,1,0.0,0,1,0,0,0,1,0,1,0,0,0,0,0,0,3
55,37,1,15,23.0,0,0.0,1,0,1,1,0,0,0,0,0,0,1,0,0,0,3
25,62,0,27,28.0,33,1.0,1,1,0,0,0,1,0,0,0,0,0,0,0,0,4
33,58,0,12,21.0,23,1.0,1,0,1,1,0,0,0,0,0,0,0,0,0,0,1
48,35,0,5,63.0,12,0.0,0,1,0,0,0,1,0,1,0,0,0,0,0,0,3
48,31,1,12,52.0,3,0.0,0,1,0,0,0,1,0,0,1,0,0,0,0,0,4
49,57,0,3,189.0,31,0.0,1,1,0,0,0,0,0,0,1,0,0,0,0,0,1
54,32,1,0,50.0,15,0.0,0,0,1,0,0,0,0,0,1,0,0,0,0,0,3
45,32,1,9,23.0,15,0.0,0,0,0,0,0,0,0,0,0,1,0,0,0,0,1
4,37,1,1,33.0,15,0.0,1,0,1,1,0,0,0,0,0,0,1,0,0,0,1
49,27,1,3,29.0,6,0.0,1,0,1,0,1,0,0,0,1,0,0,0,0,0,2
23,35,0,2,96.0,4,0.0,0,1,0,0,1,0,0,0,0,0,0,0,0,0,4
31,44,0,23,80.0,15,0.0,0,1,0,0,0,0,1,0,0,0,0,0,0,0,2
55,44,1,2,68.0,15,0.0,0,1,0,1,0,0,0,0,0,0,1,0,0,0,3
9,28,0,7,30.0,4,0.0,1,0,0,0,0,0,0,0,0,0,0,1,0,0,1
55,57,1,25,34.0,12,0.0,0,1,0,1,0,0,0,0,1,0,0,0,0,0,1
34,30,0,3,35.0,2,0.0,1,0,0,1,0,0,0,0,1,0,0,0,0,0,3
10,23,0,4,36.0,1,0.0,0,0,0,1,0,0,0,0,1,0,0,0,0,0,3
62,76,0,20,35.0,18,1.0,1,1,0,0,1,0,0,0,0,0,0,0,0,0,2
51,36,0,13,62.0,9,0.0,0,1,0,0,1,0,0,1,0,0,0,0,0,0,4
65,48,0,28,94.0,25,0.0,0,0,0,0,0,0,0,0,0,0,0,0,0,0,2
53,33,0,1,60.0,6,0.0,0,0,1,0,0,0,0,1,0,0,0,0,0,0,4
23,35,0,4,118.0,11,0.0,0,0,0,1,0,0,0,0,0,0,0,0,0,0,1
1,30,0,3,135.0,3,0.0,0,0,1,0,0,1,0,0,1,0,0,0,0,0,1
66,55,0,20,80.0,24,0.0,1,0,1,1,0,0,0,0,0,0,0,0,0,0,3
8,27,1,0,21.0,3,0.0,1,0,1,0,1,0,0,1,0,0,0,0,0,0,2
18,28,1,3,22.0,2,0.0,1,0,1,0,0,0,0,0,0,0,1,0,0,0,1
36,32,1,3,63.0,7,0.0,0,0,1,0,0,1,0,0,0,1,0,0,0,0,2
13,40,0,16,142.0,18,0.0,1,0,0,1,0,0,0,0,0,0,0,0,0,0,1
4,44,0,15,32.0,0,0.0,1,0,1,0,1,0,0,0,0,0,0,0,0,0,3
20,32,0,10,19.0,5,0.0,0,0,1,0,1,0,0,0,0,0,0,0,0,0,2
66,39,1,12,60.0,10,0.0,0,0,0,0,0,1,0,0,1,0,0,0,0,0,4
67,47,1,7,97.0,23,0.0,0,0,1,0,0,0,0,0,0,1,0,0,0,0,3
11,24,1,0,31.0,3,0.0,1,0,0,1,0,0,0,0,0,1,0,0,0,0,4
6,26,0,7,30.0,1,0.0,1,0,0,0,1,0,0,1,0,0,0,0,0,0,1
13,23,1,4,31.0,5,0.0,1,1,0,0,0,0,0,0,0,1,0,0,0,0,1
2,29,1,3,44.0,9,0.0,1,1,0,1,0,0,0,0,0,0,0,1,0,0,4
4,40,0,12,38.0,5,0.0,0,0,0,1,0,0,0,0,0,0,0,0,0,0,1
34,63,1,10,23.0,0,0.0,1,0,0,1,0,0,0,1,0,0,0,0,0,0,4
13,34,1,6,37.0,6,0.0,0,0,0,0,1,0,0,0,0,1,0,0,0,0,3
37,40,1,14,26.0,0,0.0,0,1,0,1,0,0,0,0,0,0,1,0,0,0,2
45,30,1,8,38.0,5,0.0,0,0,0,1,0,0,0,0,0,0,0,1,0,0,3
71,70,0,30,153.0,34,1.0,1,1,0,0,1,0,0,0,0,0,0,0,0,0,3
35,40,0,5,49.0,20,0.0,1,0,0,0,0,0,0,0,0,0,0,0,0,0,1
44,41,0,21,51.0,7,0.0,0,0,1,0,1,0,0,0,0,0,0,0,0,0,1
44,45,1,19,88.0,21,0.0,0,0,1,0,0,0,0,1,0,0,0,0,0,0,3
26,41,1,20,19.0,0,0.0,1,0,0,0,0,0,0,0,0,0,0,1,0,0,1
42,46,1,9,31.0,12,0.0,1,1,0,0,0,0,0,0,1,0,0,0,0,0,1
41,47,1,6,90.0,19,0.0,0,1,0,1,0,0,0,0,1,0,0,0,0,0,1
31,24,1,3,14.0,0,0.0,0,0,0,0,0,0,0,0,0,1,0,0,0,0,1
62,63,0,43,341.0,30,0.0,0,0,1,1,0,0,0,0,0,0,0,0,0,0,3
12,23,1,2,24.0,0,0.0,1,0,0,0,0,1,0,0,0,0,0,0,0,1,4
45,49,1,27,81.0,7,0.0,1,1,0,1,0,0,0,0,0,1,0,0,0,0,3
47,34,1,4,63.0,13,0.0,1,0,0,1,0,0,0,0,0,1,0,0,0,0,1
23,22,1,1,27.0,4,0.0,0,1,0,0,0,0,0,0,0,0,1,0,0,0,3
39,34,0,4,20.0,3,0.0,1,0,1,0,0,0,1,0,0,0,0,0,0,0,4
19,26,0,2,48.0,0,0.0,0,1,0,0,1,0,0,1,0,0,0,0,0,0,3
13,54,0,12,121.0,23,0.0,0,0,0,0,0,1,0,0,0,0,0,0,0,0,3
5,33,0,6,39.0,4,0.0,0,1,0,0,1,0,0,0,1,0,0,0,0,0,4
11,19,0,0,21.0,0,0.0,0,1,0,1,0,0,0,0,0,0,0,0,0,0,1
4,32,0,2,53.0,5,0.0,0,0,1,0,0,1,0,0,0,0,0,0,0,0,1
17,42,0,8,58.0,23,0.0,0,0,1,0,0,0,0,0,0,0,0,0,0,0,2
7,27,0,3,39.0,2,0.0,0,1,0,0,1,0,0,0,0,0,0,0,0,0,1
19,65,0,3,108.0,33,0.0,0,0,0,0,0,0,0,0,1,0,0,0,0,0,3
32,34,1,0,38.0,10,0.0,0,1,0,0,0,0,0,0,0,1,0,0,0,0,2
53,51,0,31,245.0,0,0.0,0,1,0,0,0,1,0,0,0,0,0,0,0,0,2
51,38,0,19,51.0,18,0.0,1,0,0,0,0,0,0,0,0,0,0,0,0,0,3
35,34,0,7,78.0,10,0.0,1,0,0,0,0,1,0,0,0,0,0,0,0,0,1
3,31,1,4,23.0,4,0.0,0,0,0,0,0,1,0,0,0,0,1,0,0,0,4
22,48,0,7,88.0,12,0.0,0,0,0,0,0,1,0,0,0,0,0,0,0,0,1
17,21,1,0,25.0,1,0.0,1,0,1,1,0,0,0,0,1,0,0,0,0,0,3
68,39,0,20,73.0,16,0.0,1,1,0,1,0,0,0,0,0,0,0,0,0,0,2
27,41,1,7,62.0,15,0.0,1,1,0,0,0,1,0,1,0,0,0,0,0,0,3
68,52,1,8,456.0,30,0.0,1,0,1,0,1,0,0,0,0,1,0,0,0,0,3
56,42,1,10,24.0,5,0.0,0,0,1,1,0,0,0,1,0,0,0,0,0,0,3
11,32,0,8,23.0,0,0.0,1,0,1,1,0,0,0,0,0,0,0,0,0,0,1
5,47,0,7,46.0,6,0.0,1,0,1,0,0,0,0,0,0,0,0,0,0,0,1
16,50,0,5,263.0,29,0.0,1,0,1,1,0,0,0,0,1,0,0,0,0,0,3
59,30,0,2,34.0,2,0.0,1,1,0,0,0,1,0,0,0,0,0,0,0,0,2
60,64,0,14,33.0,13,1.0,0,0,0,1,0,0,0,0,0,0,0,0,0,0,4
55,47,0,11,37.0,11,0.0,0,0,1,0,0,0,0,0,0,0,0,0,0,0,3
18,56,0,22,296.0,25,0.0,0,0,0,1,0,0,0,0,0,0,0,0,0,0,1
16,22,0,0,26.0,0,0.0,1,1,0,0,1,0,0,0,1,0,0,0,0,0,2
35,57,1,32,47.0,12,0.0,0,0,0,0,0,1,0,1,0,0,0,0,0,0,2
31,23,1,1,31.0,1,0.0,1,0,1,0,1,0,0,1,0,0,0,0,0,0,4
20,49,1,5,264.0,29,0.0,1,1,0,1,0,0,0,1,0,0,0,0,0,0,1
16,27,0,5,41.0,2,0.0,1,1,0,0,0,1,0,0,0,0,0,0,0,0,4
69,48,1,27,55.0,4,0.0,0,1,0,1,0,0,0,1,0,0,0,0,0,0,3
69,66,1,31,49.0,15,0.0,0,0,1,1,0,0,0,1,0,0,0,0,0,0,1
27,24,1,3,26.0,7,0.0,1,1,0,0,0,0,0,0,0,1,0,0,0,0,1
48,39,0,20,110.0,9,0.0,0,0,1,0,0,1,0,0,0,0,0,0,0,0,3
18,52,1,20,66.0,19,0.0,1,0,0,0,0,0,0,1,0,0,0,0,0,0,1
24,40,1,4,39.0,5,0.0,1,1,0,0,1,0,0,1,0,0,0,0,0,0,3
17,42,0,6,31.0,2,0.0,0,1,0,1,0,0,0,0,0,0,0,0,0,0,4
9,24,1,3,26.0,1,0.0,1,1,0,0,0,1,0,0,1,0,0,0,0,0,1
15,46,0,5,232.0,15,0.0,1,1,0,0,0,1,0,1,0,0,0,0,0,0,4
62,37,1,10,43.0,1,0.0,1,0,0,0,0,1,0,0,1,0,0,0,0,0,2
9,41,0,12,39.0,3,0.0,0,0,0,0,0,1,0,0,0,0,0,0,0,0,1
71,41,1,10,73.0,23,0.0,1,1,0,1,0,0,0,1,0,0,0,0,0,0,3
62,59,1,37,74.0,20,0.0,0,1,0,0,0,0,0,1,0,0,0,0,0,0,3
20,38,0,19,237.0,13,0.0,0,1,0,0,0,1,0,0,0,0,0,0,0,0,4
19,33,1,11,22.0,3,0.0,0,0,0,0,0,0,0,0,0,0,1,0,0,0,3
49,61,1,28,21.0,8,0.0,0,1,0,0,0,0,0,1,0,0,0,0,0,0,3
3,64,0,3,9.0,6,1.0,0,0,1,1,0,0,0,0,0,0,0,0,0,0,1
33,36,0,2,41.0,10,0.0,0,0,0,0,0,0,1,0,0,0,0,0,0,0,1
38,44,0,1,50.0,7,0.0,1,1,0,0,0,1,0,0,0,0,0,0,0,0,2
42,48,1,14,27.0,5,0.0,1,0,1,0,1,0,0,0,1,0,0,0,0,0,4
11,26,0,2,53.0,3,0.0,0,0,0,0,1,0,0,0,0,0,0,0,0,0,4
27,28,1,0,58.0,0,0.0,0,0,1,0,1,0,0,1,0,0,0,0,0,0,3
23,50,0,1,151.0,8,0.0,1,0,1,0,0,1,0,0,0,0,0,0,0,0,1
4,38,1,13,54.0,4,0.0,0,1,0,1,0,0,0,1,0,0,0,0,0,0,3
36,42,0,5,31.0,4,0.0,1,0,1,0,0,0,0,0,0,0,0,0,0,0,1
37,42,0,10,115.0,22,0.0,1,1,0,0,0,0,0,0,0,0,0,0,0,0,3
24,58,1,30,24.0,5,0.0,0,0,1,0,0,0,0,1,0,0,0,0,0,0,1
4,24,0,1,17.0,2,0.0,0,0,1,1,0,0,0,0,1,0,0,0,0,0,1
54,33,0,5,47.0,13,0.0,1,0,1,1,0,0,0,1,0,0,0,0,0,0,3
7,49,0,8,36.0,0,0.0,1,0,1,0,0,0,0,0,0,0,0,0,0,0,3
10,28,0,9,75.0,1,0.0,0,0,0,0,0,1,0,0,0,0,0,0,0,0,4
24,35,1,10,41.0,6,0.0,1,0,1,0,0,0,1,1,0,0,0,0,0,0,2
12,31,0,8,18.0,4,0.0,0,0,1,0,0,1,0,0,0,0,0,0,0,0,1
45,54,0,25,171.0,33,0.0,1,1,0,0,1,0,0,0,0,0,0,0,0,0,3
59,55,1,29,42.0,21,0.0,1,0,1,0,1,0,0,1,0,0,0,0,0,0,2
3,21,1,1,36.0,0,0.0,1,0,0,0,1,0,0,0,0,1,0,0,0,0,1
8,35,0,6,31.0,7,0.0,0,0,1,0,0,0,1,0,0,0,0,0,0,0,4
16,59,0,5,207.0,37,0.0,1,0,0,1,0,0,0,1,0,0,0,0,0,0,4
32,33,0,1,38.0,12,0.0,1,0,1,0,0,0,0,0,0,0,0,0,0,0,1
8,49,0,14,134.0,9,0.0,1,0,0,0,0,1,0,0,0,0,0,0,0,0,4
9,28,1,8,28.0,4,0.0,0,0,0,0,1,0,0,0,1,0,0,0,0,0,2
12,19,1,0,15.0,0,0.0,1,1,0,1,0,0,0,0,0,1,0,0,0,0,2
24,43,1,15,48.0,4,0.0,0,1,0,0,0,1,0,0,0,0,0,1,0,0,4
72,75,0,48,14.0,6,1.0,1,0,1,1,0,0,0,0,0,0,0,0,0,0,2
58,61,0,42,101.0,18,0.0,1,0,1,0,0,1,0,0,0,0,0,0,0,0,2
70,44,1,24,87.0,18,0.0,0,0,0,1,0,0,0,0,1,0,0,0,0,0,3
9,25,0,3,27.0,4,0.0,1,0,1,0,0,0,0,0,0,0,0,0,0,0,1
49,25,0,1,27.0,0,0.0,1,0,0,0,0,0,1,0,0,0,0,0,0,0,2
52,54,0,7,59.0,22,0.0,0,0,1,0,1,0,0,0,0,0,0,0,0,0,3
10,42,1,10,294.0,9,0.0,1,0,0,0,0,1,0,0,0,0,0,1,0,0,4
14,52,1,2,44.0,5,0.0,0,0,0,0,1,0,0,1,0,0,0,0,0,0,3
19,27,1,3,35.0,4,0.0,0,0,0,1,0,0,0,0,0,0,0,1,0,0,4
12,36,1,4,205.0,10,0.0,1,0,1,0,0,1,0,0,0,1,0,0,0,0,2
65,59,0,27,732.0,31,0.0,1,0,0,0,1,0,0,0,0,0,0,0,0,0,2
67,40,1,14,59.0,11,0.0,0,0,0,0,1,0,0,1,0,0,0,0,0,0,3
29,24,1,3,23.0,7,0.0,0,1,0,0,0,0,0,1,0,0,0,0,0,0,3
55,46,0,8,87.0,19,0.0,1,0,1,1,0,0,0,0,0,0,0,0,0,0,1
71,67,1,25,110.0,23,0.0,1,0,1,0,0,0,0,1,0,0,0,0,0,0,3
5,44,1,2,83.0,14,0.0,1,0,1,0,1,0,0,0,1,0,0,0,0,0,3
60,58,0,0,63.0,21,0.0,1,0,1,0,0,1,0,0,1,0,0,0,0,0,2
10,40,0,6,22.0,6,0.0,1,1,0,0,1,0,0,0,0,0,0,0,0,0,1
52,64,0,44,43.0,7,0.0,0,0,1,0,1,0,0,0,0,0,0,0,0,0,4
61,43,1,22,35.0,11,0.0,0,1,0,1,0,0,0,0,1,0,0,0,0,0,2
61,29,1,5,48.0,11,0.0,0,0,0,1,0,0,0,0,0,1,0,0,0,0,2
67,47,1,19,69.0,12,0.0,0,1,0,0,1,0,0,0,1,0,0,0,0,0,3
41,42,1,12,26.0,5,0.0,0,0,1,0,0,1,0,0,0,1,0,0,0,0,2
30,28,0,1,20.0,8,0.0,1,0,0,0,0,0,0,0,0,0,0,0,0,0,1
24,46,0,12,43.0,6,0.0,0,0,0,1,0,0,0,0,0,0,0,0,0,0,4
72,75,0,37,33.0,44,1.0,1,0,0,0,0,0,0,0,0,0,0,0,0,0,2
17,35,0,7,66.0,11,0.0,0,1,0,1,0,0,0,0,0,0,0,0,0,0,4
65,72,0,46,12.0,0,1.0,0,1,0,1,0,0,0,0,0,0,0,0,0,0,3
15,30,1,8,90.0,11,0.0,0,0,0,1,0,0,0,0,0,0,1,0,0,0,4
34,33,0,8,35.0,2,0.0,1,0,0,0,1,0,0,0,0,0,0,0,0,0,2
26,43,0,23,51.0,4,0.0,1,0,0,0,0,0,1,0,0,0,0,0,0,0,2
36,45,0,22,117.0,15,0.0,1,1,0,0,1,0,0,0,0,0,0,0,0,0,2
60,48,0,29,100.0,26,0.0,1,0,0,1,0,0,0,0,0,0,0,0,0,0,3
16,54,0,20,147.0,29,0.0,0,0,0,0,0,0,0,0,0,1,0,0,0,0,3
1,33,0,5,53.0,6,0.0,1,1,0,0,0,1,0,0,0,0,0,0,0,0,1
56,30,1,9,57.0,2,0.0,0,0,1,0,0,0,1,0,0,1,0,0,0,0,2
6,50,0,5,37.0,0,0.0,0,1,0,1,0,0,0,0,0,0,0,0,0,0,2
48,34,0,7,42.0,2,0.0,1,1,0,0,1,0,0,0,0,0,0,0,0,0,2
34,36,1,17,50.0,4,0.0,0,1,0,0,0,0,0,1,0,0,0,0,0,0,3
54,42,1,0,55.0,2,0.0,0,1,0,0,0,1,0,0,0,0,1,0,0,0,4
38,31,1,2,42.0,7,0.0,1,0,1,1,0,0,0,0,0,1,0,0,0,0,4
25,55,0,15,37.0,7,0.0,1,1,0,0,0,0,0,0,0,0,0,0,0,0,1
47,69,1,17,228.0,39,0.0,1,0,0,0,1,0,0,0,0,1,0,0,0,0,4
72,62,1,35,163.0,31,0.0,0,0,0,0,0,0,1,1,0,0,0,0,0,0,4
6,35,1,6,28.0,3,0.0,1,1,0,0,0,1,0,0,1,0,0,0,0,0,4
30,51,1,9,118.0,21,0.0,1,0,0,0,0,0,1,1,0,0,0,0,0,0,1
65,70,1,9,115.0,39,1.0,1,0,0,1,0,0,0,1,0,0,0,0,0,0,4
22,44,1,19,37.0,1,0.0,0,0,0,0,0,1,0,1,0,0,0,0,0,0,3
60,53,0,32,93.0,28,0.0,0,0,0,0,0,0,0,0,0,0,0,0,0,0,3
19,32,0,12,71.0,5,0.0,1,1,0,0,0,1,0,0,0,0,0,0,0,0,4
18,25,0,4,26.0,7,0.0,1,0,1,1,0,0,0,0,1,0,0,0,0,0,1
9,37,1,10,14.0,5,0.0,1,0,0,0,0,1,0,0,0,0,0,1,0,0,1
1,34,1,6,18.0,0,0.0,1,0,0,0,0,0,0,1,0,0,0,0,0,0,1
10,28,1,2,36.0,0,0.0,1,0,1,0,0,1,0,0,1,0,0,0,0,0,4
45,34,1,14,43.0,0,0.0,0,0,1,0,0,1,0,0,0,1,0,0,0,0,2
25,28,1,6,41.0,4,0.0,1,0,0,0,0,1,0,0,0,1,0,0,0,0,3
66,39,0,1,66.0,15,0.0,1,0,1,1,0,0,0,0,0,0,0,0,0,0,2
27,67,0,1,33.0,19,1.0,1,0,0,0,0,1,0,0,0,0,0,0,0,0,3
19,41,0,5,53.0,6,0.0,0,0,0,0,0,1,0,0,0,0,0,0,0,0,1
17,41,1,9,28.0,3,0.0,0,1,0,0,0,1,0,0,0,0,0,1,0,0,1
16,36,0,13,58.0,4,0.0,0,1,0,0,0,1,0,0,0,0,0,0,0,0,1
8,42,1,2,129.0,17,0.0,1,0,0,0,0,1,0,0,1,0,0,0,0,0,1
3,25,0,0,65.0,0,0.0,1,0,0,0,0,1,0,0,0,0,0,0,0,0,4
59,57,0,26,311.0,36,0.0,1,0,1,0,1,0,0,0,0,0,0,0,0,0,1
45,37,0,2,57.0,14,0.0,1,1,0,0,1,0,0,0,0,0,0,0,0,0,2
66,62,0,31,47.0,4,0.0,1,0,0,1,0,0,0,0,0,0,0,0,0,0,2
28,50,1,7,25.0,3,0.0,0,0,1,0,0,0,0,1,0,0,0,0,0,0,1
15,38,1,11,46.0,11,0.0,0,0,0,0,0,0,1,0,1,0,0,0,0,0,1
39,34,1,10,51.0,13,0.0,1,0,1,0,1,0,0,0,0,1,0,0,0,0,4
38,33,0,4,19.0,5,0.0,1,0,1,1,0,0,0,1,0,0,0,0,0,0,3
34,29,0,5,26.0,4,0.0,1,0,1,0,1,0,0,1,0,0,0,0,0,0,2
60,57,1,18,72.0,30,1.0,0,0,1,0,0,0,1,1,0,0,0,0,0,0,4
72,65,1,33,71.0,41,1.0,1,0,1,0,0,0,0,0,0,1,0,0,0,0,3
42,42,1,9,41.0,13,0.0,0,0,0,1,0,0,0,0,0,0,0,0,0,1,3
32,37,0,9,44.0,7,0.0,0,0,1,1,0,0,0,0,0,0,0,0,0,0,1
48,50,1,4,208.0,19,0.0,1,0,1,0,0,1,0,1,0,0,0,0,0,0,4
63,37,1,1,45.0,9,0.0,1,0,1,0,0,1,0,0,0,0,0,1,0,0,2
45,27,1,3,39.0,2,0.0,0,0,1,0,1,0,0,0,0,1,0,0,0,0,2
68,42,0,16,89.0,12,0.0,0,1,0,0,0,1,0,0,0,0,0,0,0,0,2
6,29,1,4,19.0,5,0.0,1,0,0,1,0,0,0,1,0,0,0,0,0,0,1
68,57,1,33,15.0,0,0.0,1,0,0,1,0,0,0,1,0,0,0,0,0,0,4
72,68,1,26,59.0,36,1.0,1,0,1,1,0,0,0,1,0,0,0,0,0,0,4
53,38,1,15,20.0,6,0.0,1,0,1,0,1,0,0,0,0,1,0,0,0,0,2
20,51,1,11,27.0,6,0.0,0,0,1,0,0,1,0,0,1,0,0,0,0,0,3
70,35,1,4,48.0,9,0.0,0,1,0,1,0,0,0,0,1,0,0,0,0,0,2
32,47,0,25,135.0,6,0.0,1,0,1,1,0,0,0,0,0,0,0,0,0,0,1
61,52,1,23,19.0,0,0.0,0,1,0,0,0,0,0,1,0,0,0,0,0,0,3
24,25,1,3,28.0,0,0.0,0,0,0,0,0,1,0,0,1,0,0,0,0,0,2
56,61,1,14,12.0,16,1.0,1,1,0,0,0,0,0,1,0,0,0,0,0,0,1
54,59,0,28,28.0,15,0.0,0,0,1,1,0,0,0,0,0,0,0,0,0,0,2
43,38,1,7,18.0,8,0.0,1,0,1,0,1,0,0,0,1,0,0,0,0,0,4
19,35,0,7,58.0,5,0.0,1,0,0,0,1,0,0,0,0,0,0,0,0,0,4
5,43,0,16,72.0,17,0.0,1,0,1,0,1,0,0,0,0,0,0,0,0,0,3
24,61,1,6,112.0,3,0.0,1,0,0,0,0,1,0,0,0,1,0,0,0,0,1
62,35,1,2,28.0,8,0.0,1,0,1,1,0,0,0,1,0,0,0,0,0,0,2
14,40,0,13,398.0,11,0.0,1,1,0,0,0,0,1,0,0,0,0,0,0,0,4
60,48,1,22,106.0,21,0.0,1,0,1,0,1,0,0,0,1,0,0,0,0,0,4
30,74,1,12,10.0,3,1.0,1,1,0,0,0,0,0,1,0,0,0,0,0,0,3
40,42,1,16,108.0,17,0.0,0,0,0,0,1,0,0,0,0,1,0,0,0,0,2
42,50,1,17,85.0,15,0.0,1,1,0,1,0,0,0,0,0,1,0,0,0,0,1
20,34,0,14,51.0,9,0.0,1,0,0,0,1,0,0,0,0,0,0,0,0,0,2
4,22,1,1,22.0,2,0.0,1,0,0,1,0,0,0,0,1,0,0,0,0,0,3
44,49,1,2,66.0,8,0.0,1,1,0,1,0,0,0,0,0,1,0,0,0,0,4
49,63,0,18,10.0,2,1.0,0,0,1,1,0,0,0,0,0,0,0,0,0,0,3
5,36,1,2,34.0,4,0.0,1,0,1,0,0,0,0,1,0,0,0,0,0,0,3
70,50,1,29,67.0,22,0.0,0,0,1,0,0,0,0,0,0,1,0,0,0,0,2
30,57,1,16,19.0,1,0.0,0,0,0,0,0,0,0,0,0,1,0,0,0,0,1
28,48,0,20,128.0,4,0.0,1,1,0,0,0,1,0,0,0,0,0,0,0,0,4
5,28,1,3,39.0,1,0.0,0,0,0,0,0,0,1,0,0,0,0,1,0,0,4
27,35,0,12,56.0,3,0.0,1,1,0,0,0,0,0,0,0,0,0,0,0,0,4
17,39,0,12,45.0,10,0.0,1,1,0,0,0,1,0,0,0,0,0,0,0,0,1
4,37,1,8,25.0,1,0.0,1,0,0,0,0,0,0,0,0,0,1,0,0,0,1
30,23,1,0,24.0,1,0.0,1,0,0,1,0,0,0,0,0,1,0,0,0,0,3
71,40,1,19,53.0,14,0.0,1,0,1,0,0,1,0,1,0,0,0,0,0,0,4
67,77,0,55,49.0,45,1.0,1,0,1,0,0,0,0,0,0,0,0,0,0,0,1
24,48,1,3,38.0,16,0.0,1,0,1,0,0,0,0,1,0,0,0,0,0,0,1
24,54,1,7,84.0,10,0.0,1,0,0,0,1,0,0,1,0,0,0,0,0,0,1
59,54,0,32,126.0,22,0.0,1,1,0,0,0,0,0,0,0,0,0,0,0,0,3
59,32,0,9,73.0,5,0.0,0,0,1,0,0,1,0,0,0,0,0,0,0,0,2
44,37,1,1,41.0,8,0.0,1,0,1,0,0,1,0,0,0,0,0,1,0,0,2
19,31,1,0,22.0,2,0.0,0,0,0,0,0,1,0,0,1,0,0,0,0,0,2
58,46,1,23,23.0,2,0.0,1,1,0,0,0,0,0,1,0,0,0,0,0,0,1
41,53,1,22,94.0,25,0.0,0,0,0,1,0,0,0,1,0,0,0,0,0,0,2
16,33,0,1,30.0,7,0.0,0,1,0,0,1,0,0,0,0,1,0,0,0,0,3
13,36,0,11,31.0,0,0.0,0,0,1,1,0,0,0,0,0,0,0,0,0,0,1
60,53,0,22,171.0,37,0.0,1,0,0,0,0,0,0,0,0,0,0,0,0,0,3
72,49,1,23,102.0,27,0.0,1,1,0,0,0,0,0,0,0,0,0,1,0,0,2
33,39,0,17,27.0,3,0.0,1,1,0,0,0,1,0,0,0,0,0,0,0,0,4
72,45,1,25,98.0,20,0.0,1,1,0,0,0,1,0,1,0,0,0,0,0,0,4
66,54,1,8,591.0,25,0.0,1,0,0,0,0,1,0,1,0,0,0,0,0,0,4
53,37,1,7,25.0,2,0.0,1,0,1,0,0,0,0,0,0,0,0,1,0,0,3
22,28,1,0,36.0,0,0.0,0,1,0,0,0,1,0,0,0,1,0,0,0,0,4
14,26,1,1,25.0,0,0.0,1,1,0,1,0,0,0,0,1,0,0,0,0,0,3
52,49,0,18,69.0,13,0.0,1,0,0,1,0,0,0,1,0,0,0,0,0,0,3
33,30,1,5,22.0,0,0.0,0,0,1,0,0,0,0,1,0,0,0,0,0,0,3
72,66,0,26,67.0,37,1.0,1,0,1,1,0,0,0,0,0,0,0,0,0,0,3
40,40,1,3,73.0,12,0.0,1,0,0,0,0,1,0,0,0,1,0,0,0,0,3
29,26,0,1,22.0,2,0.0,1,1,0,0,0,1,0,0,0,0,0,0,0,0,4
63,67,0,22,9.0,12,1.0,0,0,1,1,0,0,0,0,0,0,0,0,0,0,3
56,54,0,25,147.0,31,0.0,1,1,0,0,1,0,0,0,0,0,0,0,0,0,2
60,50,1,26,239.0,19,0.0,1,0,1,1,0,0,0,1,0,0,0,0,0,0,4
28,22,1,3,23.0,1,0.0,0,0,1,0,1,0,0,0,0,0,1,0,0,0,1
39,39,0,19,29.0,6,0.0,0,1,0,0,0,1,0,0,0,0,0,0,0,0,2
65,39,1,18,32.0,15,0.0,0,0,1,1,0,0,0,0,0,1,0,0,0,0,3
29,31,0,7,30.0,7,0.0,1,0,1,0,1,0,0,0,0,0,0,0,0,0,3
28,36,0,8,57.0,13,0.0,1,0,1,1,0,0,0,1,0,0,0,0,0,0,3
2,18,0,0,20.0,0,0.0,0,0,0,1,0,0,0,0,0,0,0,0,0,0,3
67,52,0,13,248.0,20,0.0,1,0,1,1,0,0,0,0,1,0,0,0,0,0,3
5,35,1,9,59.0,8,0.0,1,0,1,0,1,0,0,0,0,0,1,0,0,0,4
48,35,0,10,24.0,6,0.0,0,0,1,1,0,0,0,0,0,0,0,0,0,0,3
10,26,1,4,25.0,4,0.0,1,1,0,0,0,0,0,0,1,0,0,0,0,0,1
17,28,0,3,37.0,2,0.0,1,1,0,0,1,0,0,0,0,0,0,0,0,0,3
21,24,1,0,30.0,0,0.0,1,0,0,0,0,1,0,0,0,0,1,0,0,0,4
25,51,0,9,66.0,13,0.0,0,1,0,0,0,1,0,1,0,0,0,0,0,0,4
44,31,0,8,16.0,3,0.0,0,0,1,0,0,0,0,0,0,0,0,0,0,0,1
59,49,0,28,429.0,23,0.0,1,1,0,0,0,1,0,1,0,0,0,0,0,0,4
11,26,0,7,20.0,4,0.0,0,1,0,1,0,0,0,0,0,0,0,0,0,0,1
50,68,1,32,262.0,28,0.0,0,1,0,0,1,0,0,1,0,0,0,0,0,0,3
23,25,1,2,28.0,1,0.0,1,0,1,0,1,0,0,0,0,0,1,0,0,0,2
17,19,0,0,18.0,0,0.0,1,0,0,1,0,0,0,1,0,0,0,0,0,0,2
15,62,1,3,144.0,21,0.0,0,0,0,0,1,0,0,1,0,0,0,0,0,0,3
68,57,1,38,33.0,9,0.0,1,1,0,0,0,0,0,1,0,0,0,0,0,0,2
69,42,1,23,19.0,0,0.0,1,0,0,0,1,0,0,1,0,0,0,0,0,0,1
30,24,1,3,30.0,7,0.0,1,0,0,0,0,0,0,0,0,0,1,0,0,0,1
22,30,0,8,41.0,8,0.0,0,0,1,1,0,0,0,0,0,0,0,0,0,0,3
10,20,1,1,20.0,0,0.0,1,1,0,1,0,0,0,0,0,1,0,0,0,0,1
72,59,1,12,65.0,21,0.0,1,0,0,0,1,0,0,0,0,0,0,1,0,0,2
34,24,1,5,17.0,0,0.0,1,1,0,0,0,1,0,1,0,0,0,0,0,0,3
43,49,1,18,66.0,22,0.0,0,1,0,0,0,0,0,0,0,1,0,0,0,0,3
31,37,1,15,18.0,5,0.0,0,0,1,0,0,1,0,0,1,0,0,0,0,0,4
6,27,1,5,26.0,2,0.0,0,1,0,0,0,1,0,0,0,0,1,0,0,0,1
48,42,0,21,46.0,4,0.0,0,1,0,0,0,1,0,0,0,0,0,0,0,0,3
50,25,0,6,19.0,5,0.0,0,1,0,0,0,0,0,0,1,0,0,0,0,0,1
20,41,1,19,58.0,6,0.0,1,0,1,1,0,0,0,1,0,0,0,0,0,0,2
61,73,0,10,25.0,21,1.0,0,0,1,0,0,0,0,0,0,0,0,0,0,0,1
6,21,0,0,15.0,1,0.0,1,1,0,1,0,0,0,0,0,0,0,0,0,0,1
1,22,0,2,35.0,2,0.0,0,1,0,1,0,0,0,0,0,0,0,0,0,0,1
21,43,0,13,41.0,1,0.0,1,0,0,1,0,0,0,0,0,0,0,0,0,0,4
7,32,0,1,71.0,3,0.0,0,0,1,0,0,1,0,1,0,0,0,0,0,0,4
65,56,1,19,608.0,34,0.0,1,0,1,0,1,0,0,1,0,0,0,0,0,0,4
64,37,0,10,44.0,9,0.0,1,0,0,0,0,1,0,0,0,0,0,0,0,0,2
4,30,0,0,41.0,0,0.0,0,0,1,1,0,0,0,1,0,0,0,0,0,0,3
67,45,1,22,83.0,11,0.0,1,0,0,0,1,0,0,1,0,0,0,0,0,0,2
22,35,0,12,28.0,3,0.0,0,1,0,1,0,0,0,1,0,0,0,0,0,0,2
51,37,1,17,101.0,10,0.0,1,0,1,1,0,0,0,1,0,0,0,0,0,0,3
50,28,0,6,28.0,10,0.0,1,0,0,0,0,0,0,0,0,0,0,0,0,0,3
31,47,1,18,35.0,0,0.0,0,0,0,1,0,0,0,1,0,0,0,0,0,0,1
4,28,0,0,39.0,3,0.0,1,0,1,1,0,0,0,0,0,0,0,0,0,0,3
60,56,0,19,51.0,11,0.0,0,0,1,0,0,1,0,0,0,0,0,0,0,0,4
7,31,1,12,31.0,7,0.0,1,0,1,1,0,0,0,0,0,0,0,1,0,0,1
20,40,0,2,209.0,15,0.0,1,0,1,0,0,1,0,0,0,0,0,0,0,0,2
19,23,1,4,37.0,1,0.0,1,1,0,0,1,0,0,0,0,1,0,0,0,0,3
58,37,1,5,64.0,8,0.0,1,0,1,0,0,1,0,1,0,0,0,0,0,0,4
65,64,0,20,88.0,26,0.0,1,0,1,0,1,0,0,0,0,0,0,0,0,0,4
72,61,1,34,61.0,8,0.0,0,0,1,0,0,0,0,0,1,0,0,0,0,0,2
8,42,0,3,66.0,10,0.0,0,0,1,0,1,0,0,0,0,0,0,0,0,0,4
33,40,1,14,19.0,5,0.0,0,1,0,0,1,0,0,1,0,0,0,0,0,0,1
18,34,1,4,42.0,14,0.0,1,0,1,1,0,0,0,0,0,0,1,0,0,0,4
24,31,1,6,41.0,13,0.0,0,1,0,1,0,0,0,0,0,0,1,0,0,0,3
70,36,0,8,50.0,15,0.0,1,0,1,0,0,0,0,0,0,0,0,0,0,0,2
7,38,0,4,70.0,4,0.0,0,0,0,0,0,1,0,0,0,0,0,0,0,0,4
70,59,0,27,85.0,19,0.0,1,0,1,0,0,0,0,0,0,0,0,0,0,0,3
20,48,1,21,45.0,2,0.0,1,1,0,0,1,0,0,1,0,0,0,0,0,0,3
54,32,1,12,27.0,9,0.0,0,0,1,0,0,0,0,1,0,0,0,0,0,0,2
36,48,0,28,29.0,2,0.0,0,0,1,0,0,0,0,0,0,0,0,0,0,0,1
71,53,1,29,48.0,0,0.0,1,0,1,0,0,1,0,1,0,0,0,0,0,0,3
17,41,0,4,32.0,3,0.0,0,0,0,1,0,0,0,0,0,0,0,0,0,0,3
18,45,1,17,43.0,9,0.0,0,0,0,0,0,0,0,0,1,0,0,0,0,0,3
16,27,0,8,16.0,0,0.0,1,0,0,0,0,0,1,0,0,0,0,0,0,0,4
38,30,1,6,22.0,3,0.0,1,0,1,1,0,0,0,1,0,0,0,0,0,0,2
52,45,1,19,40.0,9,0.0,1,0,0,0,1,0,0,0,1,0,0,0,0,0,4
46,48,1,12,256.0,25,0.0,0,0,0,0,1,0,0,0,0,0,0,1,0,0,4
31,46,0,23,144.0,13,0.0,0,1,0,0,0,1,0,0,0,0,0,0,0,0,3
23,31,0,10,45.0,0,0.0,0,1,0,0,0,1,0,1,0,0,0,0,0,0,2
38,56,1,34,34.0,0,0.0,1,1,0,1,0,0,0,0,1,0,0,0,0,0,3
50,54,0,15,248.0,28,0.0,1,1,0,0,1,0,0,0,0,0,0,0,0,0,3
16,49,0,17,41.0,5,0.0,0,1,0,1,0,0,0,0,0,0,0,0,0,0,4
14,34,1,4,27.0,1,0.0,1,1,0,0,0,1,0,1,0,0,0,0,0,0,4
30,52,0,23,17.0,3,0.0,1,1,0,0,1,0,0,0,0,0,0,0,0,0,2
22,47,1,0,44.0,11,0.0,1,0,1,0,0,1,0,0,1,0,0,0,0,0,4
38,55,1,12,135.0,24,0.0,0,0,0,1,0,0,0,0,0,1,0,0,0,0,4
59,26,1,3,41.0,1,0.0,1,0,1,0,0,1,0,0,1,0,0,0,0,0,2
54,55,0,1,587.0,33,0.0,0,1,0,0,1,0,0,0,0,0,0,0,0,0,3
9,40,0,13,38.0,7,0.0,1,0,1,0,0,1,0,0,0,0,0,0,0,0,4
67,67,1,38,49.0,10,0.0,1,0,0,1,0,0,0,1,0,0,0,0,0,0,2
24,44,0,19,33.0,0,0.0,1,1,0,0,1,0,0,1,0,0,0,0,0,0,1
12,55,1,13,36.0,5,0.0,1,1,0,0,0,0,0,1,0,0,0,0,0,0,2
26,47,0,13,54.0,0,0.0,0,0,0,0,1,0,0,0,0,0,0,0,0,0,2
3,32,0,4,58.0,11,0.0,0,1,0,1,0,0,0,0,0,1,0,0,0,0,4
20,46,0,2,23.0,4,0.0,1,1,0,0,0,0,1,1,0,0,0,0,0,0,4
5,52,1,0,97.0,9,0.0,0,0,1,0,0,0,1,1,0,0,0,0,0,0,4
58,53,0,19,207.0,12,0.0,1,0,1,0,1,0,0,0,0,0,0,0,0,0,4
54,28,1,2,21.0,3,0.0,0,0,0,0,1,0,0,0,0,1,0,0,0,0,1
52,39,0,6,119.0,18,0.0,1,1,0,0,1,0,0,0,0,0,0,0,0,0,1
38,30,1,10,25.0,5,0.0,1,1,0,0,0,0,0,0,0,1,0,0,0,0,1
19,46,0,5,59.0,17,0.0,0,1,0,0,1,0,0,0,0,0,0,0,0,0,1
22,33,1,2,24.0,3,0.0,0,1,0,0,0,0,0,0,0,1,0,0,0,0,1
49,35,1,15,113.0,4,0.0,0,0,0,0,0,1,0,0,0,0,1,0,0,0,2
5,39,0,0,22.0,0,0.0,1,0,1,0,0,0,0,1,0,0,0,0,0,0,3
18,69,0,28,11.0,17,1.0,0,1,0,0,0,0,0,0,0,0,0,0,0,0,1
43,29,0,4,33.0,13,0.0,1,0,1,0,0,0,0,0,0,1,0,0,0,0,3
17,50,0,2,205.0,19,0.0,0,0,1,0,0,0,1,0,0,0,0,0,0,0,4
37,33,0,4,41.0,8,0.0,1,1,0,0,1,0,0,0,1,0,0,0,0,0,2
8,39,0,0,39.0,7,0.0,1,1,0,0,0,0,0,0,0,0,0,0,0,0,1
51,46,1,8,107.0,21,0.0,1,1,0,1,0,0,0,0,0,0,0,1,0,0,3
71,55,1,11,198.0,31,0.0,1,0,0,0,0,0,0,0,1,0,0,0,0,0,3
56,53,1,23,100.0,14,0.0,1,0,0,0,0,0,1,1,0,0,0,0,0,0,2
70,68,0,21,1131.0,45,0.0,0,0,1,1,0,0,0,0,0,0,0,0,0,0,3
62,53,0,14,360.0,26,0.0,1,0,0,0,1,0,0,1,0,0,0,0,0,0,3
50,52,1,22,162.0,27,0.0,1,0,0,1,0,0,0,1,0,0,0,0,0,0,4
1,31,0,3,29.0,2,0.0,1,0,1,0,0,0,1,0,1,0,0,0,0,0,1
15,26,0,1,38.0,1,0.0,0,0,1,0,0,1,0,1,0,0,0,0,0,0,4
72,55,1,24,82.0,25,0.0,1,0,1,0,1,0,0,1,0,0,0,0,0,0,2
69,47,1,10,159.0,24,0.0,0,1,0,1,0,0,0,0,0,1,0,0,0,0,3
32,44,0,10,201.0,24,0.0,0,1,0,1,0,0,0,0,0,0,0,0,0,0,3
19,25,1,6,27.0,0,0.0,1,0,0,0,0,1,0,1,0,0,0,0,0,0,3
42,54,0,19,57.0,10,0.0,1,1,0,0,1,0,0,0,0,0,0,0,0,0,4
51,49,0,29,45.0,16,0.0,0,0,1,0,0,0,0,0,0,0,0,0,0,0,1
32,22,1,2,17.0,2,0.0,1,1,0,1,0,0,0,0,0,1,0,0,0,0,3
26,55,1,13,61.0,26,0.0,0,0,1,0,0,0,0,1,0,0,0,0,0,0,3
39,44,1,14,418.0,18,0.0,0,1,0,0,0,1,0,1,0,0,0,0,0,0,4
72,53,0,12,152.0,32,0.0,1,1,0,1,0,0,0,0,0,0,0,0,0,0,4
4,39,0,11,38.0,1,0.0,0,1,0,0,0,1,0,1,0,0,0,0,0,0,4
54,50,1,5,151.0,20,0.0,0,1,0,0,0,1,0,0,1,0,0,0,0,0,3
34,40,1,21,23.0,9,0.0,1,0,0,0,0,1,0,0,1,0,0,0,0,0,4
20,25,1,4,33.0,0,0.0,1,0,0,0,0,1,0,0,1,0,0,0,0,0,1
14,49,0,4,26.0,8,0.0,0,0,1,0,0,0,0,0,0,0,0,0,0,0,1
61,59,0,26,89.0,40,1.0,1,0,0,0,0,0,0,0,0,0,0,0,0,0,3
4,24,0,2,25.0,0,0.0,0,1,0,0,0,1,0,0,0,0,0,0,0,0,1
16,48,0,25,59.0,13,0.0,0,0,1,1,0,0,0,1,0,0,0,0,0,0,3
13,41,0,9,55.0,12,0.0,1,0,0,1,0,0,0,0,1,0,0,0,0,0,1
53,37,1,18,25.0,6,0.0,1,1,0,0,1,0,0,1,0,0,0,0,0,0,2
58,36,1,13,39.0,8,0.0,1,1,0,1,0,0,0,0,0,0,0,0,1,0,4
25,38,1,19,56.0,19,0.0,1,1,0,0,0,0,0,1,0,0,0,0,0,0,3
71,61,1,19,155.0,30,0.0,0,0,0,0,1,0,0,1,0,0,0,0,0,0,3
22,33,1,13,119.0,0,0.0,1,0,0,0,0,0,1,0,0,1,0,0,0,0,4
46,48,1,15,64.0,20,0.0,0,0,0,0,1,0,0,1,0,0,0,0,0,0,3
66,50,1,2,333.0,24,0.0,0,0,1,0,0,0,1,1,0,0,0,0,0,0,2
69,58,1,29,26.0,7,0.0,1,0,0,1,0,0,0,0,1,0,0,0,0,0,4
38,49,1,3,33.0,11,0.0,0,1,0,0,0,1,0,0,0,1,0,0,0,0,2
16,35,0,7,46.0,3,0.0,0,0,1,0,1,0,0,0,0,0,0,0,0,0,1
44,39,1,8,41.0,8,0.0,0,0,1,1,0,0,0,0,0,1,0,0,0,0,4
50,50,0,24,31.0,8,0.0,0,0,0,0,0,0,0,0,0,0,0,0,0,0,3
10,23,0,1,29.0,0,0.0,1,0,1,0,0,1,0,0,0,0,0,0,0,0,4
7,41,0,6,94.0,16,0.0,0,1,0,1,0,0,0,0,0,0,0,0,0,0,4
71,48,0,25,288.0,19,0.0,0,0,1,0,1,0,0,0,0,0,0,0,0,0,1
16,39,1,5,31.0,4,0.0,1,0,1,0,0,0,0,0,0,0,1,0,0,0,1
6,20,0,0,25.0,0,0.0,1,0,1,1,0,0,0,1,0,0,0,0,0,0,3
46,55,0,24,269.0,35,0.0,0,1,0,1,0,0,0,0,0,0,0,0,0,0,3
51,49,1,13,203.0,27,0.0,0,0,1,0,1,0,0,0,0,1,0,0,0,0,3
5,34,0,12,22.0,2,0.0,0,0,1,1,0,0,0,1,0,0,0,0,0,0,1
49,54,1,23,25.0,1,0.0,1,1,0,1,0,0,0,0,0,1,0,0,0,0,1
49,51,1,14,222.0,16,0.0,0,0,1,0,0,0,1,1,0,0,0,0,0,0,2
26,30,1,4,76.0,7,0.0,0,0,0,0,1,0,0,1,0,0,0,0,0,0,1
22,39,0,4,55.0,17,0.0,1,0,1,1,0,0,0,0,0,0,0,0,0,0,4
51,45,1,4,46.0,6,0.0,0,0,1,0,1,0,0,1,0,0,0,0,0,0,4
19,27,1,7,56.0,1,0.0,0,0,0,0,0,1,0,0,0,1,0,0,0,0,4
9,36,0,1,79.0,11,0.0,1,0,0,0,1,0,0,0,0,0,1,0,0,0,3
15,25,1,0,51.0,2,0.0,1,0,1,0,1,0,0,1,0,0,0,0,0,0,1
57,63,0,19,61.0,27,0.0,0,1,0,0,0,0,0,0,0,0,0,0,0,0,3
48,45,0,15,41.0,10,0.0,1,0,1,0,0,0,0,1,0,0,0,0,0,0,1
9,53,1,20,50.0,13,0.0,1,1,0,1,0,0,0,1,0,0,0,0,0,0,1
61,52,0,21,82.0,18,0.0,0,0,0,0,0,0,0,0,0,0,0,0,0,0,3
72,53,0,34,108.0,23,0.0,0,0,1,0,0,0,0,0,0,0,0,0,0,0,3
57,60,0,20,14.0,27,1.0,1,0,1,1,0,0,0,0,0,0,0,0,0,0,3
57,51,0,10,46.0,13,0.0,0,1,0,0,0,0,0,0,0,0,0,0,0,0,2
37,60,1,0,46.0,20,0.0,0,0,0,0,0,0,0,0,1,0,0,0,0,0,3
45,51,0,13,146.0,16,0.0,0,0,1,0,0,1,0,1,0,0,0,0,0,0,1
45,39,1,15,36.0,11,0.0,1,0,1,0,0,0,0,0,0,0,1,0,0,0,1
55,44,0,24,83.0,23,0.0,1,1,0,0,0,0,0,0,0,0,0,0,0,0,3
24,27,0,2,17.0,3,0.0,0,1,0,0,1,0,0,0,0,0,1,0,0,0,2
1,20,0,1,18.0,0,0.0,0,0,1,0,1,0,0,0,0,0,0,0,0,0,1
34,23,1,3,24.0,7,0.0,1,1,0,0,0,0,0,0,0,1,0,0,0,0,3
14,37,1,5,48.0,1,0.0,1,0,1,0,1,0,0,0,0,1,0,0,0,0,1
6,32,0,10,47.0,10,0.0,0,0,1,0,0,0,0,0,0,0,0,0,0,0,3
24,30,0,0,25.0,5,0.0,0,0,1,0,0,1,0,1,0,0,0,0,0,0,4
3,26,1,6,59.0,0,0.0,1,1,0,0,0,1,0,0,1,0,0,0,0,0,4
4,30,0,1,45.0,6,0.0,0,0,0,0,0,1,0,0,1,0,0,0,0,0,4
72,40,1,19,163.0,15,0.0,0,0,0,0,0,1,0,1,0,0,0,0,0,0,2
44,56,0,4,63.0,6,0.0,1,0,0,1,0,0,0,0,0,0,0,0,0,0,3
50,43,0,6,27.0,4,0.0,0,0,0,0,1,0,0,0,0,0,0,0,0,0,3
61,50,1,16,190.0,22,0.0,1,1,0,1,0,0,0,1,0,0,0,0,0,0,2
34,52,1,2,106.0,19,0.0,0,0,0,1,0,0,0,1,0,0,0,0,0,0,3
26,54,1,30,26.0,1,0.0,1,0,1,0,1,0,0,1,0,0,0,0,0,0,4
15,46,1,17,63.0,1,0.0,0,0,0,0,0,0,1,1,0,0,0,0,0,0,4
10,39,0,0,27.0,0,0.0,1,0,1,0,1,0,0,0,1,0,0,0,0,0,1
7,34,0,2,22.0,5,0.0,1,0,0,0,0,0,1,0,0,0,0,0,0,0,1
67,59,0,40,944.0,33,0.0,1,0,1,0,0,0,1,0,0,0,0,0,0,0,4
70,49,0,18,87.0,22,0.0,1,0,1,1,0,0,0,0,0,0,0,0,0,0,3
50,36,1,7,39.0,3,0.0,1,0,1,0,1,0,0,0,1,0,0,0,0,0,2
